genus,species,demersal,marine,min_depth_m,max_depth_m,usual_min_depth_m,usual_max_depth_m,benthopelagic,freshwater,min_ph,max_ph,min_dh,max_dh,reef-associated,pelagic,amphidromous,brackish,non-migratory,potamodromous,bathydemersal,oceanodromous,pelagic-neritic,anadromous,pelagic-oceanic,bathypelagic,catadromous
scorpaena,pascuensis,1.0,1.0,,,,,,,,,,,,,,,,,,,,,,,
serranus,scriba,1.0,1.0,5,150,?,30,,,,,,,,,,,,,,,,,,,
satanoperca,leucosticta,,,,,,,1.0,1.0,7.0,7.0,10.0,10.0,,,,,,,,,,,,,
labeobarbus,intermedius,,,,,,,1.0,1.0,,,,,,,,,,,,,,,,,
diodon,holocanthus,,1.0,2,200,2,35,,,,,,,1.0,,,,,,,,,,,,
batrochoglanis,transmontanus,1.0,,,,,,,1.0,,,,,,,,,,,,,,,,,
enteromius,huguenyi,,,,,,,,1.0,,,,,,1.0,,,,,,,,,,,
daysciaena,albida,,1.0,,,,,1.0,,,,,,,,1.0,1.0,,,,,,,,,
harengula,clupeola,,1.0,0,50,,,,,,,,,1.0,,,1.0,,,,,,,,,
hirculops,cornifer,1.0,1.0,,,,,,,,,,,,,,,,,,,,,,,
cyclichthys,orbicularis,,1.0,9,170,,,,,,,,,1.0,,,,,,,,,,,,
megalodoras,uranoscopus,1.0,,,,,,,1.0,,,,,,,,,,,,,,,,,
amphiprion,frenatus,,1.0,1,12,,,,,,,,,1.0,,,,1.0,,,,,,,,
labeobarbus,boulengeri,,,,,,,1.0,1.0,,,,,,,,,,,,,,,,,
gymnothorax,pseudothyrsoideus,,1.0,0,20,,,,,,,,,1.0,,,,,,,,,,,,
barbus,luapulae,,,,,,,1.0,1.0,,,,,,,,,,,,,,,,,
halichoeres,hartzfeldii,,1.0,10,70,,,,,,,,,1.0,,,,,,,,,,,,
norfolkia,thomasi,,1.0,1,20,,,,,,,,,1.0,,,,,,,,,,,,
labeobarbus,ensis,,,,,,,1.0,1.0,,,,,,,,,,,,,,,,,
copadichromis,trimaculatus,,,,,,,1.0,1.0,7.4,7.4,7.0,7.0,,,,,,,,,,,,,
labeobarbus,codringtonii,,,,,,,1.0,1.0,,,,,,,,,,,,,,,,,
cyprinella,trichroistia,,,,,,,1.0,1.0,,,,,,,,,,,,,,,,,
notropis,heterolepis,,,,,,,1.0,1.0,,,,,,,,,,,,,,,,,
petrocephalus,bane,1.0,,,,,,,1.0,,,,,,,,,,1.0,,,,,,,
chrosomus,erythrogaster,1.0,,,,,,,1.0,,,,,,,,,,,,,,,,,
plectroglyphidodon,johnstonianus,,1.0,0,30,,,,,,,,,1.0,,,,1.0,,,,,,,,
bryconamericus,guyanensis,,,,,,,,1.0,,,,,,1.0,,,,,,,,,,,
atule,mate,,1.0,1,80,,,,,,,,,1.0,,,1.0,,,,,,,,,
cyprinella,callisema,,,,,,,1.0,1.0,,,,,,,,,,,,,,,,,
calotomus,spinidens,,1.0,1,72,,,,,,,,,1.0,,,,,,,,,,,,
fusigobius,inframaculatus,1.0,1.0,2,30,,,,,,,,,,,,,,,,,,,,,
lutjanus,malabaricus,,1.0,12,100,,,,,,,,,1.0,,,1.0,,,,,,,,,
aulonocara,maylandi,,,,,,,1.0,1.0,7.5,7.5,10.0,10.0,,,,,,,,,,,,,
mylossoma,duriventre,,,,,,,1.0,1.0,5.0,5.0,20.0,20.0,,,,,,1.0,,,,,,,
schistura,pantherina,1.0,,,,,,,1.0,,,,,,,,,,,,,,,,,
thysanophrys,chiltonae,,1.0,0,100,0,20,,,,,,,1.0,,,,1.0,,,,,,,,
neobythites,pallidus,,1.0,500,620,,,,,,,,,,,,,,,1.0,,,,,,
entomacrodus,sealei,,1.0,0,3,,,,,,,,,1.0,,,,,,,,,,,,
mulloidichthys,flavolineatus,,1.0,1,99,,,,,,,,,1.0,,,,,,,,,,,,
hexanchus,griseus,,1.0,0,2500,180,1100,,,,,,,,,,,,,1.0,1.0,,,,,
sarotherodon,occidentalis,1.0,,,,,,,1.0,,,,,,,,,,,,,,,,,
phractolaemus,ansorgii,,,,,,,1.0,1.0,6.0,6.0,25.0,25.0,,,,,,,,,,,,,
ctenogobiops,tangaroai,,1.0,4,40,4,40,,,,,,,1.0,,,,,,,,,,,,
ilisha,elongata,,1.0,5,?,,,,,,,,,,,,1.0,,,,,1.0,,,,
alosa,sapidissima,,1.0,0,250,,,,1.0,,,,,,,,1.0,,,,,1.0,1.0,,,
scarus,frenatus,,1.0,0,25,,,,,,,,,1.0,,,,,,,,,,,,
sebastapistes,tinkhami,,1.0,1,30,,,,,,,,,1.0,,,,,,,,,,,,
antennarius,pictus,,1.0,0,75,?,16,,,,,,,1.0,,,,,,,,,,,,
halichoeres,cosmetus,,1.0,2,31,,,,,,,,,1.0,,,,,,,,,,,,
sphoeroides,parvus,1.0,1.0,,,,,,,,,,,,,,1.0,,,,,,,,,
syncrossus,hymenophysa,1.0,,,,,,,1.0,,,,,,,,,,,,,,,,,
entomacrodus,thalassinus,,1.0,0,5,,,,,,,,,1.0,,,,,,,,,,,,
alestes,baremoze,,,,,,,1.0,1.0,6.5,6.5,30.0,30.0,,,,,,1.0,,,,,,,
chaunacops,coloratus,,1.0,1250,2000,,,,,,,,,,,,,,,1.0,,,,,,
pararhinichthys,bowersi,1.0,,,,,,,1.0,,,,,,,,,,,,,,,,,
crossocheilus,langei,,,,,,,1.0,1.0,,,,,,,,,,,,,,,,,
tilapia,baloni,1.0,,,,,,,1.0,,,,,,,,,,,,,,,,,
chaetostoma,breve,1.0,,,,,,,1.0,,,,,,,,,,,,,,,,,
homalopteroides,smithi,1.0,,,,,,,1.0,,,,,,,,,,,,,,,,,
garra,hindii,,,,,,,1.0,1.0,,,,,,,,,,,,,,,,,
lepadichthys,lineatus,,1.0,5,25,,,,,,,,,1.0,,,,,,,,,,,,
lepomis,punctatus,1.0,,,,,,,1.0,,,,,,,,,,,,,,,,,
chaetodon,citrinellus,,1.0,0,36,1,5,,,,,,,1.0,,,,,,,,,,,,
notropis,atherinoides,,,,,,,1.0,1.0,,,,,,,,,,,,,,,,,
macropharyngodon,geoffroy,,1.0,6,32,,,,,,,,,1.0,,,,1.0,,,,,,,,
pseudophoxinus,drusensis,,,,,,,1.0,1.0,,,,,,,,,,,,,,,,,
thoburnia,rhothoeca,1.0,,,,,,,1.0,,,,,,,,,,,,,,,,,
australoheros,autochthon,,,,,,,1.0,1.0,,,,,,,,,,,,,,,,,
tylochromis,bangwelensis,,,,,,,1.0,1.0,,,,,,,,,,,,,,,,,
blenniella,chrysospilos,,1.0,0,6,,,,,,,,,1.0,,,,,,,,,,,,
scorpaenopsis,oxycephala,,1.0,?,400,,,,,,,,,1.0,,,,,,,,,,,,
acanthopagrus,australis,1.0,1.0,,,,,,,,,,,,,,1.0,,,,1.0,,,,,
toxotes,microlepis,,,,,,,,1.0,,,,,,1.0,,1.0,,1.0,,,,,,,
opistognathus,randalli,,1.0,5,32,,,,,,,,,,,,,,,,,1.0,,,,
rasbora,bankanensis,,,,,,,1.0,1.0,,,,,,,,,,,,,,,,,
morone,americana,,1.0,0,10,,,1.0,1.0,,,,,,,,1.0,,,,,,1.0,,,
labropsis,manabei,,1.0,5,30,5,20,,,,,,,1.0,,,,,,,,,,,,
hippocampus,reidi,,1.0,0,60,,,,,,,,,1.0,,,1.0,1.0,,,,,,,,
macrhybopsis,hyostoma,,,,,,,1.0,1.0,,,,,,,,,,,,,,,,,
osmerus,mordax,,1.0,0,425,?,150,,1.0,,,,,,,,1.0,,,,,,1.0,1.0,,
sargocentron,spiniferum,,1.0,0,122,,,,,,,,,1.0,,,,,,,,,,,,
hypostomus,johnii,1.0,,,,,,,1.0,,,,,,,,,,,,,,,,,
lepomis,auritus,1.0,,,,,,,1.0,7.0,7.0,15.0,15.0,,,,,,,,,,,,,
amblygobius,decussatus,,1.0,3,25,3,25,,,,,,,1.0,,,1.0,,,,,,,,,
lethrinus,xanthochilus,,1.0,0,150,,,,,,,,,1.0,,,,1.0,,,,,,,,
scarus,globiceps,,1.0,1,30,?,12,,,,,,,1.0,,,,,,,,,,,,
lutjanus,buccanella,,1.0,20,200,80,150,,,,,,,1.0,,,,,,,,,,,,
tometes,lebaili,1.0,,,,,,,1.0,,,,,,,,,,,,,,,,,
squatina,japonica,1.0,1.0,,,,,,,,,,,,,,,,,,,,,,,
scyliorhinus,torrei,,1.0,200,600,366,550,,,,,,,,,,,,,1.0,,,,,,
ossancora,eigenmanni,1.0,,,,,,,1.0,,,,,,,,,,,,,,,,,
barbodes,binotatus,,,,,,,1.0,1.0,6.0,6.0,12.0,12.0,,,,,,,,,,,,,
paralichthys,albigutta,1.0,1.0,19,130,,,,,,,,,,,,,,,,,,,,,
halichoeres,melasmapomus,,1.0,10,56,33,?,,,,,,,1.0,,,,,,,,,,,,
barbodes,lateristriga,,,,,,,1.0,1.0,6.0,6.0,10.0,10.0,,,,,,,,,,,,,
oxyeleotris,marmorata,1.0,,10,?,,,,1.0,6.5,6.5,10.0,10.0,,,,1.0,,1.0,,,,,,,
anampses,meleagrides,,1.0,3,60,5,50,,,,,,,1.0,,,,,,,,,,,,
alestes,dentex,,,,,,,,1.0,6.0,6.0,4.0,4.0,,1.0,,,,1.0,,,,,,,
synanceia,alula,,1.0,1,20,,,,,,,,,1.0,,,,,,,,,,,,
pagellus,affinis,1.0,1.0,?,150,,,,,,,,,,,,,,,,,,,,,
spatuloricaria,gymnogaster,1.0,,,,,,,1.0,,,,,,,,,,,,,,,,,
kuhlia,mugil,,1.0,3,18,,,,,,,,,1.0,,,1.0,,,,,,,,,
apogonichthys,ocellatus,,1.0,1,5,,,,,,,,,1.0,,,,,,,,,,,,
notropis,telescopus,,,,,,,1.0,1.0,,,,,,,,,,,,,,,,,
serrasalmus,compressus,,,,,,,1.0,1.0,,,,,,,,,,,,,,,,,
catostomus,tsiltcoosensis,,,,,,,1.0,1.0,,,,,,,,1.0,,,,,,,,,
synodontis,rukwaensis,,,,,,,1.0,1.0,,,,,,,,,,,,,,,,,
labeobarbus,johnstonii,,,,,,,1.0,1.0,,,,,,,,,,1.0,,,,,,,
escualosa,thoracata,,1.0,0,50,,,,1.0,,,,,,,1.0,1.0,,,,,1.0,,,,
icelinus,filamentosus,1.0,1.0,18,800,,,,,,,,,,,,,,,,,,,,,
nannocharax,niloticus,,,,,,,,1.0,,,,,,1.0,,,,,,,,,,,
grasseichthys,gabonensis,,,,,,,1.0,1.0,,,,,,,,,,,,,,,,,
hyphessobrycon,borealis,,,,,,,1.0,1.0,,,,,,,,,,,,,,,,,
coris,ballieui,,1.0,20,146,,,,,,,,,1.0,,,,,,,,,,,,
crenicichla,multispinosa,,,,,,,1.0,1.0,,,,,,,,,,,,,,,,,
rita,chrysea,1.0,,,,,,,1.0,,,,,,,1.0,,,,,,,,,,
paretroplus,nourissati,,,,,,,1.0,1.0,,,,,,,,,,,,,,,,,
cottus,rhotheus,1.0,,,,,,,1.0,,,,,,,,,,,,,,,,,
phoxinus,septimaniae,,,,,,,1.0,1.0,,,,,,,,,,,,,,,,,
notropis,xaenocephalus,,,,,,,1.0,1.0,,,,,,,,,,,,,,,,,
notropis,altipinnis,,,,,,,1.0,1.0,,,,,,,,,,,,,,,,,
amphiprion,polymnus,,1.0,2,30,,,,,,,,,1.0,,,,1.0,,,,,,,,
histrio,histrio,,1.0,0,50,0,2,,,,,,,1.0,,,,,,,1.0,,,,,
fowleria,vaiulae,,1.0,3,25,3,15,,,,,,,1.0,,,,,,,,,,,,
heteroclinus,perspicillatus,,1.0,,,,,,,,,,,1.0,,,,,,,,,,,,
epinephelus,chlorostigma,,1.0,4,300,,,,,,,,,1.0,,,,1.0,,,,,,,,
lutjanus,gibbus,,1.0,1,150,,,,,,,,,1.0,,,,,,,,,,,,
noturus,gyrinus,1.0,,,,,,,1.0,,,,,,,,,,,,,,,,,
ocynectes,maschalis,1.0,1.0,,,,,,,,,,,,,,,,,,,,,,,
gila,ditaenia,,,,,,,1.0,1.0,,,,,,,,,,,,,,,,,
periophthalmodon,septemradiatus,1.0,,,,,,,1.0,,,,,,,1.0,1.0,,,,,,,,,
labroides,dimidiatus,,1.0,0,100,1,30,,,,,,,1.0,,,,1.0,,,,,,,,
labeobarbus,gestetneri,,,,,,,1.0,1.0,,,,,,,,,,,,,,,,,
gnatholepis,cauerensis,,1.0,2,50,2,20,,,,,,,1.0,,,1.0,,,,,,,,,
morone,mississippiensis,1.0,,,,,,,1.0,,,,,,,,,,,,,,,,,
saurida,undosquamis,,1.0,1,350,,,,,,,,,1.0,,1.0,,,,,,,,,,
dipturus,batis,1.0,1.0,100,1000,30,600,,,,,,,,,,,,,,,,,,,
caesio,caerulaurea,,1.0,1,60,,,,,,,,,1.0,,,,1.0,,,,,,,,
carassius,auratus,,,0,20,,,1.0,1.0,6.0,6.0,5.0,5.0,,,,1.0,,1.0,,,,,,,
pectenocypris,korthausae,1.0,,,,,,,1.0,,,,,,,,,,,,,,,,,
homaloptera,ocellata,1.0,,,,,,,1.0,,,,,,,,,,,,,,,,,
halichoeres,leucurus,,1.0,1,15,,,,,,,,,1.0,,,,,,,,,,,,
priolepis,semidoliata,,1.0,2,30,,,,,,,,,1.0,,,,1.0,,,,,,,,
malapterurus,beninensis,,,,,,,1.0,1.0,,,,,,,,,,,,,,,,,
sternopygus,macrurus,,,,,,,1.0,1.0,6.0,6.0,4.0,4.0,,,,,,,,,,,,,
notropis,shumardi,,,,,,,1.0,1.0,,,,,,,,,,,,,,,,,
astatoreochromis,straeleni,,,,,,,1.0,1.0,,,,,,,,,,,,,,,,,
arothron,stellatus,,1.0,3,58,,,,,,,,,1.0,,,1.0,,,,,,,,,
labeobarbus,caudovittatus,,,,,,,1.0,1.0,6.5,6.5,15.0,15.0,,,,,,,,,,,,,
chelmon,marginalis,,1.0,1,30,,,,,,,,,1.0,,,,1.0,,,,,,,,
raiamas,guttatus,,,,,,,1.0,1.0,,,,,,,,,,1.0,,,,,,,
amblygobius,nocturnus,,1.0,1,30,,,,,,,,,1.0,,,,,,,,,,,,
amblyeleotris,diagonalis,,1.0,6,40,,,,,,,,,1.0,,,,,,,,,,,,
halichoeres,socialis,,1.0,0,7,,,,,,,,,1.0,,,,,,,,,,,,
enneacanthus,gloriosus,1.0,,,,,,,1.0,7.0,7.0,8.0,8.0,,,,,,,,,,,,,
hyphessobrycon,condotensis,,,,,,,1.0,1.0,,,,,,,,,,,,,,,,,
istiblennius,rivulatus,,1.0,,,,,,,,,,,1.0,,,,,,,,,,,,
gila,pandora,,,,,,,1.0,1.0,,,,,,,,,,,,,,,,,
neolissochilus,soroides,,,,,,,1.0,1.0,,,,,,,,,,,,,,,,,
gymnothorax,margaritophorus,,1.0,1,25,,,,,,,,,1.0,,,,,,,,,,,,
ilyodon,furcidens,1.0,,,,,,,1.0,,,,,,,,,,,,,,,,,
calotomus,zonarchus,,1.0,12,170,,,,,,,,,1.0,,,,,,,,,,,,
enteromius,macrops,,,,,,,1.0,1.0,,,,,,,,,,1.0,,,,,,,
synodontis,obesus,,,,,,,1.0,1.0,6.0,6.0,25.0,25.0,,,,,,,,,,,,,
variola,louti,,1.0,3,300,15,?,,,,,,,1.0,,,,1.0,,,,,,,,
pimephales,promelas,1.0,,,,,,,1.0,,,,,,,,,,,,,,,,,
cheilio,inermis,,1.0,1,30,2,30,,,,,,,1.0,,,,,,,,,,,,
chiloscyllium,griseum,,1.0,5,100,,,,,,,,,1.0,,,1.0,,,,1.0,,,,,
tometes,makue,,,,,,,,1.0,,,,,,1.0,,,,,,,,,,,
leucoraja,erinacea,1.0,1.0,10,914,,,,,,,,,,,,,,,,1.0,,,,,
etheostoma,juliae,,,,,,,1.0,1.0,,,,,,,,,,,,,,,,,
lethrinus,miniatus,,1.0,5,30,,,,,,,,,1.0,,,1.0,1.0,,,,,,,,
hippocampus,erectus,,1.0,0,100,,,,,,,,,1.0,,,,1.0,,,,,,,,
mystacoleucus,marginatus,,,,,,,1.0,1.0,,,,,,,,,,,,,,,,,
cyprinus,carpio,,,0,29,,,1.0,1.0,6.5,6.5,10.0,10.0,,,,1.0,,1.0,,,,,,,
chrysiptera,brownriggii,,1.0,0,12,,,,,,,,,1.0,,,,1.0,,,,,,,,
etheostoma,fusiforme,,,,,,,1.0,1.0,,,,,,,,,,,,,,,,,
acanthostracion,quadricornis,,1.0,1,80,10,30,,,,,,,1.0,,,,,,,,,,,,
wallago,attu,1.0,,,,,,,1.0,,,,,,,,1.0,,1.0,,,,,,,
congrogadus,subducens,,1.0,0,10,,,,,,,,,1.0,,,1.0,,,,,,,,,
glyptothorax,minimaculatus,,,,,,,1.0,1.0,,,,,,,,,,,,,,,,,
pristicon,rufus,,1.0,15,80,,,,,,,,,1.0,,,,,,,,,,,,
notropis,photogenis,,,,,,,1.0,1.0,,,,,,,,,,,,,,,,,
cirrhitichthys,bleekeri,,1.0,,,,,,,,,,,1.0,,,,,,,,,,,,
bothus,mancus,,1.0,3,150,,,,,,,,,1.0,,,,,,,,,,,,
sarcocheilichthys,nigripinnis,,,,,,,1.0,1.0,,,,,,,,,,,,,,,,,
parodon,caliensis,,,,,,,1.0,1.0,,,,,,,,,,,,,,,,,
chromis,multilineata,,1.0,0,60,,,,,,,,,1.0,,,,1.0,,,,,,,,
azurina,intercrusma,,1.0,0,15,,,,,,,,,1.0,,,,1.0,,,,,,,,
labeo,indramontri,,,,,,,1.0,1.0,,,,,,,,,,,,,,,,,
lepidocephalichthys,berdmorei,1.0,,,,,,,1.0,,,,,,,,,,,,,,,,,
ecsenius,pulcher,1.0,1.0,,,,,,,,,,,,,,,,,,,,,,,
helcogramma,ellioti,1.0,1.0,2,10,2,5,,,,,,,,,,,,,,,,,,,
moxostoma,macrolepidotum,1.0,,,,,,,1.0,,,,,,,,1.0,,,,,,,,,
lepidomeda,aliciae,,,,,,,1.0,1.0,,,,,,,,,,,,,,,,,
parabothus,budkeri,1.0,1.0,,,,,,,,,,,,,,,,,,,,,,,
alestes,comptus,,,,,,,,1.0,,,,,,1.0,,,,,,,,,,,
aspidontus,taeniatus,,1.0,1,25,,,,,,,,,1.0,,,,,,,,,,,,
myripristis,berndti,,1.0,0,159,3,15,,,,,,,1.0,,,,,,,,,,,,
upeneus,tragula,,1.0,0,42,,,,,,,,,1.0,,,1.0,,,,1.0,,,,,
copadichromis,azureus,,,,,19,25,1.0,1.0,,,,,,,,,,,,,,,,,
notropis,ariommus,,,1,?,,,1.0,1.0,,,,,,,,,,,,,,,,,
neoodax,balteatus,1.0,1.0,1,22,,,,,,,,,,,,1.0,,,,,,,,,
pristis,pectinata,1.0,1.0,10,88,,,,1.0,,,,,,,1.0,1.0,,,,,,,,,
moenkhausia,cotinho,,,,,,,1.0,1.0,,,,,,,,,,,,,,,,,
haplochromis,squamulatus,,,,,,,1.0,1.0,,,,,,,,,,,,,,,,,
bivibranchia,simulata,,,,,,,1.0,1.0,,,,,,,,,,,,,,,,,
hime,capitonis,1.0,1.0,240,300,,,,,,,,,,,,,,,,,,,,,
echidna,nebulosa,,1.0,0,48,?,10,,,,,,,1.0,,,,,,,,,,,,
parakneria,abbreviata,,,,,,,1.0,1.0,,,,,,,,,,,,,,,,,
gasterosteus,aculeatus,,1.0,0,100,,,1.0,1.0,,,,,,,,1.0,,,,,,1.0,,,
oncorhynchus,mykiss,,1.0,0,200,,,1.0,1.0,,,,,,,,1.0,,,,,,1.0,,,
hemigrammocharax,uniocellatus,,,,,,,,1.0,,,,,,1.0,,,,,,,,,,,
badis,khwae,,,0,2,,,1.0,1.0,,,,,,,,,,,,,,,,,
rhinogobius,bucculentus,,,,,,,1.0,1.0,,,,,,,,,,,,,,,,,
amatitlania,altoflava,,,,,,,1.0,1.0,,,,,,,,,,,,,,,,,
nannocharax,parvus,,,,,,,,1.0,6.5,6.5,25.0,25.0,,1.0,,,,,,,,,,,
chloroscombrus,chrysurus,,1.0,0,110,,,,,,,,,,,,1.0,,,,,1.0,,,,
notropis,spectrunculus,,,,,,,1.0,1.0,,,,,,,,,,,,,,,,,
esox,masquinongy,1.0,,,,,,,1.0,,,,,,,,,1.0,,,,,,,,
labeobarbus,marequensis,,,,,,,1.0,1.0,,,,,,,,,,1.0,,,,,,,
sebastapistes,galactacma,,1.0,?,200,,,,,,,,,1.0,,,,,,,,,,,,
epinephelus,diacanthus,1.0,1.0,2,300,10,120,,,,,,,,,,,,,,,,,,,
parabothus,filipes,,1.0,300,330,,,,,,,,,,,,,,,1.0,,,,,,
ostorhinchus,endekataenia,,1.0,25,30,,,,,,,,,1.0,,,,,,,,,,,,
petrocephalus,soudanensis,1.0,,,,,,,1.0,,,,,,,,,,,,,,,,,
thalassoma,hardwicke,,1.0,0,15,0,15,,,,,,,1.0,,,,1.0,,,,,,,,
erimyzon,tenuis,1.0,,,,,,,1.0,,,,,,,,,,,,,,,,,
pomacentrus,moluccensis,,1.0,1,60,,,,,,,,,1.0,,,,1.0,,,,,,,,
sardinella,aurita,,1.0,0,350,,,,,,,,,,,,1.0,,,,1.0,1.0,,,,
sargocentron,tiereoides,,1.0,0,100,0,15,,,,,,,1.0,,,,,,,,,,,,
istiblennius,spilotus,1.0,1.0,,,,,,,,,,,,,,,,,,,,,,,
cryptocentrus,lutheri,,1.0,,,,,,,,,,,1.0,,,,,,,,,,,,
xanthichthys,mento,,1.0,6,130,,,,,,,,,1.0,,,,,,,,,,,,
amphiprion,ocellaris,,1.0,1,15,3,15,,,,,,,1.0,,,,1.0,,,,,,,,
ilisha,melastoma,,1.0,0,50,,,,,,,,,,,1.0,1.0,,,,,1.0,,,,
lutjanus,erythropterus,,1.0,5,100,,,,,,,,,1.0,,,,,,,,,,,,
lythrurus,ardens,,,,,,,1.0,1.0,,,,,,,,,,,,,,,,,
oncorhynchus,gorbuscha,1.0,1.0,0,250,,,,1.0,,,,,,,,1.0,,,,,,1.0,,,
cirripectes,castaneus,,1.0,0,32,0,10,,,,,,,1.0,,,1.0,,,,,,,,,
rhinecanthus,rectangulus,,1.0,0,20,,,,,,,,,1.0,,,,,,,,,,,,
ptychocheilus,umpquae,,,,,,,1.0,1.0,,,,,,,,,,,,,,,,,
hybopsis,amnis,,,,,,,1.0,1.0,,,,,,,,,,,,,,,,,
rasbora,spilocerca,,,,,,,1.0,1.0,,,,,,,,,,,,,,,,,
pristilepis,oligolepis,,1.0,14,220,,,,,,,,,1.0,,,,,,,,,,,,
grammistes,sexlineatus,,1.0,1,130,1,20,,,,,,,1.0,,,,,,,,,,,,
neolissochilus,nigrovittatus,,,,,,,1.0,1.0,,,,,,,,,,,,,,,,,
centropyge,bispinosa,,1.0,0,60,,,,,,,,,1.0,,,,1.0,,,,,,,,
pseudocheilinus,octotaenia,,1.0,0,50,,,,,,,,,1.0,,,,,,,,,,,,
bathystethus,cultratus,,1.0,,,,,,,,,,,,,,,,,,,1.0,,,,
istigobius,ornatus,,1.0,0,5,,,,,,,,,1.0,,,1.0,,,,,,,,,
solenostomus,cyanopterus,,1.0,0,25,0,25,,,,,,,1.0,,,,,,,,,,,,
plectorhinchus,vittatus,,1.0,2,25,,,,,,,,,1.0,,,,,,,,,,,,
aulonocara,koningsi,,,3,25,,,1.0,1.0,,,,,,,,,,,,,,,,,
labeobarbus,upembensis,,,,,,,1.0,1.0,,,,,,,,,,,,,,,,,
cyprinella,panarcys,,,,,,,1.0,1.0,,,,,,,,,,,,,,,,,
cheilodipterus,macrodon,,1.0,0,100,?,30,,,,,,,1.0,,,,,,,,,,,,
scaphiodonichthys,burmanicus,,,,,,,1.0,1.0,,,,,,,,,,,,,,,,,
chrysichthys,ornatus,1.0,,,,,,,1.0,,,,,,,,,,,,,,,,,
mycteroperca,phenax,,1.0,30,100,30,100,,,,,,,1.0,,,1.0,,,,1.0,,,,,
chiloglanis,polypogon,,,,,,,1.0,1.0,,,,,,,,,,,,,,,,,
neolissochilus,paucisquamatus,,,,,,,1.0,1.0,,,,,,,,,,,,,,,,,
ameiurus,nebulosus,1.0,,0,12,,,,1.0,,,,,,,,,,,,,,,,,
hemibrycon,beni,,,,,,,1.0,1.0,,,,,,,,,,,,,,,,,
ostracion,solorensis,,1.0,1,20,,,,,,,,,1.0,,,,,,,,,,,,
amblyraja,jenseni,,1.0,165,3000,,,,,,,,,,,,,,,1.0,,,,,,
lepomis,symmetricus,1.0,,,,,,,1.0,,,,,,,,,,,,,,,,,
pomacentrus,aquilus,,1.0,0,15,,,,,,,,,1.0,,,,1.0,,,,,,,,
apogonichthys,perdix,,1.0,1,65,1,4,,,,,,,1.0,,,,,,,,,,,,
sundasalanx,praecox,1.0,,,,,,,1.0,,,,,,,,,,,,,,,,,
hyphessobrycon,compressus,,,,,,,1.0,1.0,,,,,,,,,,,,,,,,,
canthigaster,solandri,,1.0,10,36,,,,,,,,,1.0,,,,,,,,,,,,
pseudobalistes,fuscus,,1.0,30,50,,,,,,,,,1.0,,,,,,,,,,,,
hybopsis,dorsalis,,,,,,,1.0,1.0,,,,,,,,,,,,,,,,,
lobocheilos,rhabdoura,,,,,,,1.0,1.0,6.5,6.5,10.0,10.0,,,,,,,,,,,,,
nibea,soldado,1.0,1.0,1,40,,,,1.0,,,,,,,1.0,1.0,,,,,,,,,
mystus,cavasius,1.0,,,,,,,1.0,,,,,,,1.0,1.0,,,,,,,,,
chlorurus,troschelii,,1.0,5,25,,,,,,,,,1.0,,,,,,,,,,,,
badis,badis,,,,,,,1.0,1.0,6.0,6.0,5.0,5.0,,,,,,,,,,,,,
notropis,buchanani,,,,,,,1.0,1.0,,,,,,,,,,,,,,,,,
notropis,petersoni,,,,,,,1.0,1.0,7.2,7.2,10.0,10.0,,,,,,,,,,,,,
atherina,lopeziana,,1.0,,,,,,,,,,,,,,,,,,,1.0,,,,
pseudorhombus,malayanus,1.0,1.0,20,27,,,,,,,,,,,,,,,,,,,,,
iniistius,umbrilatus,,1.0,6,76,,,,,,,,,1.0,,,,1.0,,,,,,,,
ptychochromis,oligacanthus,1.0,,,,,,,1.0,,,,,,,,1.0,,,,,,,,,
parastromateus,niger,,1.0,15,105,15,40,,,,,,,1.0,,1.0,1.0,,,,,,,,,
schilbe,bocagii,1.0,,,,,,,1.0,,,,,,,,,,,,,,,,,
blenniella,gibbifrons,,1.0,0,4,,,,,,,,,1.0,,,,,,,,,,,,
synodus,jaculum,,1.0,2,100,,,,,,,,,1.0,,,,,,,,,,,,
psectrogaster,curviventris,,,,,,,1.0,1.0,,,,,,,,,,,,,,,,,
lile,nigrofasciata,,1.0,0,2,,,,,,,,,,,,,,,,,1.0,,,,
astyanax,villwocki,,,,,,,1.0,1.0,,,,,,,,,,,,,,,,,
megalops,cyprinoides,,1.0,1,50,,,1.0,1.0,,,,,,,1.0,1.0,,,,,,,,,
henicorhynchus,entmema,,,,,,,1.0,1.0,,,,,,,,,,1.0,,,,,,,
neoniphon,sammara,,1.0,0,46,,,,,,,,,1.0,,,,,,,,,,,,
myripristis,pralinia,,1.0,8,50,,,,,,,,,1.0,,,,,,,,,,,,
acanthurus,tractus,,1.0,11,45,,,,,,,,,1.0,,,,,,,,,,,,
erimyzon,claviformis,1.0,,,,,,,1.0,,,,,,,,,,,,,,,,,
cottus,perplexus,1.0,,,,,,,1.0,,,,,,,,,,,,,,,,,
poeciliopsis,fasciata,,,,,,,1.0,1.0,7.0,7.0,25.0,25.0,,,,1.0,,,,,,,,,
lepomis,megalotis,,,,,,,1.0,1.0,,,,,,,,,,,,,,,,,
liopropoma,susumi,,1.0,2,34,,,,,,,,,1.0,,,,,,,,,,,,
labeobarbus,robertsi,,,,,,,1.0,1.0,,,,,,,,,,,,,,,,,
pollimyrus,isidori,1.0,,,,,,,1.0,6.0,6.0,5.0,5.0,,,,,,1.0,,,,,,,
solea,ovata,1.0,1.0,,,,,,,,,,,,,,,,,,,,,,,
labeobarbus,iphthimostoma,,,,,,,1.0,1.0,,,,,,,,,,,,,,,,,
istiblennius,lineatus,,1.0,0,3,,,,,,,,,1.0,,,,,,,,,,,,
luciobarbus,pallaryi,,,,,,,1.0,1.0,,,,,,,,,,,,,,,,,
acanthopagrus,berda,1.0,1.0,?,50,,,,1.0,,,,,,,,1.0,,,,1.0,,,,,
pteronemacheilus,meridionalis,,,,,,,1.0,1.0,,,,,,,,,,,,,,,,,
pempheris,mangula,1.0,1.0,?,20,,,,,,,,,,,,,,,,,,,,,
clinostomus,funduloides,1.0,,,,,,,1.0,,,,,,,,,,,,,,,,,
barbus,oxyrhynchus,,,,,,,1.0,1.0,,,,,,,,,,,,,,,,,
omobranchus,ferox,,,,,,,1.0,1.0,,,,,,,,1.0,,,,,,,,,
cyprinella,stigmatura,,,,,,,1.0,1.0,,,,,,,,,,,,,,,,,
cephalopholis,aurantia,,1.0,40,300,100,250,,,,,,,1.0,,,,1.0,,,,,,,,
haplochromis,pallidus,,,,,,,1.0,1.0,,,,,,,,,,,,,,,,,
plectorhinchus,lessonii,,1.0,1,35,,,,,,,,,1.0,,,,,,,,,,,,
chromis,alpha,,1.0,11,110,,,,,,,,,1.0,,,,1.0,,,,,,,,
cheilinus,chlorourus,,1.0,1,30,,,,,,,,,1.0,,,,,,,,,,,,
dischistodus,prosopotaenia,,1.0,1,12,,,,,,,,,1.0,,,1.0,1.0,,,,,,,,
opsopoeodus,emiliae,1.0,,,,,,,1.0,,,,,,,,,,,,,,,,,
cyprinella,formosa,,,,,,,1.0,1.0,,,,,,,,,,,,,,,,,
pseudogramma,polyacantha,,1.0,1,65,,,,,,,,,1.0,,,,,,,,,,,,
amphiprion,perideraion,,1.0,1,38,,,,,,,,,1.0,,,1.0,1.0,,,,,,,,
saurida,caribbaea,1.0,1.0,6,460,20,215,,,,,,,,,,,,,,,,,,,
notropis,texanus,,,,,,,1.0,1.0,,,,,,,,,,,,,,,,,
labeobarbus,rhinophorus,,,,,,,1.0,1.0,,,,,,,,,,,,,,,,,
pristipomoides,typus,1.0,1.0,40,120,,,,,,,,,,,,,,,,,,,,,
noturus,leptacanthus,1.0,,,,,,,1.0,,,,,,,,,,,,,,,,,
galaxias,olidus,,,0,1,,,1.0,1.0,,,,,,,,,,,,,,,,,
oncorhynchus,tshawytscha,,1.0,0,375,,,1.0,1.0,,,,,,,,1.0,,,,,,1.0,,,
schistura,sexcauda,,,,,,,1.0,1.0,,,,,,,,,,,,,,,,,
coris,sandeyeri,,1.0,?,60,,,,,,,,,1.0,,,,,,,,,,,,
sargocentron,caudimaculatum,,1.0,2,40,,,,,,,,,1.0,,,,,,,,,,,,
anarhichas,lupus,1.0,1.0,1,600,18,110,,,,,,,,,,,,,,1.0,,,,,
elops,lacerta,,1.0,1,50,,,,1.0,,,,,,,,1.0,,,,,1.0,,,,
varicorhinus,beso,,,,,,,1.0,1.0,,,,,,,,,,,,,,,,,
macropodus,ocellatus,,,0,?,,,1.0,1.0,6.0,6.0,5.0,5.0,,,,,,,,,,,,,
saurida,flamma,,1.0,5,30,,,,,,,,,1.0,,,,1.0,,,,,,,,
squalus,megalops,1.0,1.0,30,750,80,300,,,,,,,,,,,,,,,,,,,
nocomis,biguttatus,1.0,,,,,,,1.0,,,,,,,,,,,,,,,,,
oostethus,brachyurus,1.0,1.0,0,5,,,,1.0,,,,,,,,1.0,,,,,,1.0,,,
thalassoma,trilobatum,,1.0,0,10,,,,,,,,,1.0,,,,,,,,,,,,
chrysichthys,auratus,1.0,,,,,,,1.0,,,,,,,,1.0,,1.0,,,,,,,
homalopteroides,modestus,1.0,,,,,,,1.0,,,,,,,,,,,,,,,,,
cirrhilabrus,rubrimarginatus,,1.0,25,52,,,,,,,,,1.0,,,,,,,,,,,,
tetragonurus,cuvieri,,1.0,1,800,,,,,,,,,,,,,,,,1.0,,,,1.0,
mystus,pulcher,1.0,,,,,,,1.0,,,,,,,,,,,,,,,,,
percina,cymatotaenia,,,,,,,1.0,1.0,,,,,,,,,,,,,,,,,
sicydium,plumieri,,,,,,,1.0,1.0,,,,,,,1.0,,,,,,,,,,
epinephelus,latifasciatus,1.0,1.0,20,240,,,,,,,,,,,,,,,,,,,,,
labeobarbus,microterolepis,,,,,,,1.0,1.0,,,,,,,,,,,,,,,,,
neozoarces,steindachneri,1.0,1.0,0,10,,,,,,,,,,,,,,,,,,,,,
tympanopleura,atronasus,,,,,,,,1.0,,,,,,1.0,,,,,,,,,,,
notropis,volucellus,,,,,,,1.0,1.0,,,,,,,,,,,,,,,,,
stolephorus,waitei,,1.0,0,50,,,,1.0,,,,,,,,1.0,,,,1.0,1.0,,,,
notropis,stilbius,,,,,,,1.0,1.0,,,,,,,,,,,,,,,,,
ladigesocypris,ghigii,,,,,,,1.0,1.0,7.0,7.0,18.0,18.0,,,,,,,,,,,,,
chlorurus,microrhinos,,1.0,0,50,1,15,,,,,,,1.0,,,,,,,,,,,,
cephalopholis,leopardus,,1.0,0,40,3,20,,,,,,,1.0,,,,1.0,,,,,,,,
leptoscarus,vaigiensis,,1.0,1,15,,,,,,,,,1.0,,,,,,,,,,,,
rhinecanthus,assasi,,1.0,,,,,,,,,,,1.0,,,,,,,,,,,,
catostomus,warnerensis,1.0,,,,,,,1.0,,,,,,,,,,1.0,,,,,,,
moenkhausia,inrai,,,,,,,1.0,1.0,,,,,,,,,,,,,,,,,
centropyge,flavissima,,1.0,0,50,,,,,,,,,1.0,,,,1.0,,,,,,,,
sardinella,fimbriata,,1.0,0,50,,,,,,,,,,,,1.0,,,,,1.0,,,,
lutjanus,rivulatus,,1.0,3,150,,,,,,,,,1.0,,,,,,,,,,,,
notropis,asperifrons,,,1,2,,,1.0,1.0,,,,,,,,,,,,,,,,,
labeobarbus,nedgia,,,1,6,,,1.0,1.0,,,,,,,,,,,,,,,,,
salmo,trutta,,1.0,0,28,1,2,,1.0,,,,,,,,1.0,,,,,1.0,1.0,,,
periophthalmus,novemradiatus,1.0,1.0,,,,,,,,,,,,,1.0,1.0,,,,,,,,,
haplochromis,ishmaeli,,,?,9,,,1.0,1.0,,,,,,,,,,,,,,,,,
laemolyta,varia,,,,,,,1.0,1.0,,,,,,,,,,,,,,,,,
gymnocorymbus,ternetzi,,,,,,,,1.0,6.0,6.0,5.0,5.0,,1.0,,,,,,,,,,,
hologymnosus,doliatus,,1.0,1,35,5,30,,,,,,,1.0,,,,,,,,,,,,
oxycheilinus,digramma,,1.0,3,60,,,,,,,,,1.0,,,1.0,,,,,,,,,
thalassoma,duperrey,,1.0,1,?,5,25,,,,,,,1.0,,,,1.0,,,,,,,,
parascombrops,nakayamai,,1.0,216,794,,,,,,,,,,,,,,,1.0,,,,,,
etroplus,suratensis,,,10,?,,,1.0,,,,,,,,,1.0,,,,,,,,,
sphyraena,lucasana,,1.0,,,,,,,,,,,,,,,,,,,1.0,,,,
lutjanus,boutton,,1.0,3,50,,,,,,,,,1.0,,,,,,,,,,,,
ostorhinchus,aureus,,1.0,1,40,,,,,,,,,1.0,,,,,,,,,,,,
stethojulis,terina,1.0,1.0,2,7,,,,,,,,,,,,,,,,,,,,,
notropis,saladonis,,,,,,,1.0,1.0,,,,,,,,,,,,,,,,,
microcanthus,strigatus,,1.0,1,140,,,,,,,,,1.0,,,1.0,,,,1.0,,,,,
lepomis,humilis,,,,,,,1.0,1.0,,,,,,,,,,,,,,,,,
fusigobius,humeralis,1.0,1.0,3,30,,,,,,,,,,,,,,,,,,,,,
noturus,nocturnus,1.0,,,,,,,1.0,,,,,,,,,,,,,,,,,
eviota,prasina,,1.0,0,65,,,,,,,,,1.0,,,,,,,,,,,,
kyphosus,incisor,,1.0,1,15,,,,,,,,,1.0,,,,,,,,,,,,
taenianotus,triacanthus,,1.0,5,135,5,20,,,,,,,1.0,,,,1.0,,,,,,,,
garra,cambodgiensis,,,,,,,1.0,1.0,,,,,,,,,,,,,,,,,
symphorichthys,spilurus,,1.0,5,60,,,,,,,,,1.0,,,,,,,,,,,,
polypterus,senegalus,1.0,,,,,,,1.0,6.0,6.0,5.0,5.0,,,,,,1.0,,,,,,,
aluterus,monoceros,,1.0,1,80,,,,,,,,,1.0,,,,,,,,,,,,
neobythites,vityazi,,1.0,280,760,,,,,,,,,,,,,,,1.0,,,,,,
jenynsia,lineata,,,,,,,1.0,1.0,,,,,,,,1.0,,,,,,,,,
poecilia,reticulata,,,,,,,1.0,1.0,7.0,7.0,9.0,9.0,,,,1.0,1.0,,,,,,,,
bairdiella,ronchus,1.0,1.0,16,40,,,,,,,,,,,,1.0,,,,,,,,,
gomphosus,caeruleus,,1.0,1,35,,,,,,,,,1.0,,,,,,,,,,,,
alosa,aestivalis,,1.0,5,55,,,,1.0,,,,,,,,1.0,,,,,1.0,1.0,,,
odontesthes,regia,,1.0,,,,,,1.0,,,,,,,,1.0,,,,,1.0,,,,
cirrhitops,fasciatus,,1.0,1,52,,,,,,,,,1.0,,,,1.0,,,,,,,,
sardinella,gibbosa,,1.0,10,70,,,,,,,,,,,,,,,,,1.0,,,,
alosa,fallax,,1.0,10,400,,,,1.0,,,,,,,,1.0,,,,,1.0,1.0,,,
blenniella,bilitonensis,,1.0,0,3,,,,,,,,,1.0,,,,,,,,,,,,
alosa,chrysochloris,,1.0,,,,,,1.0,,,,,,,,1.0,,,,,1.0,1.0,,,
chaetodon,lunula,,1.0,0,170,,,,,,,,,1.0,,,,,,,,,,,,
pagrus,auratus,,1.0,0,200,,,,,,,,,1.0,,,1.0,,,,1.0,,,,,
salarias,fasciatus,,1.0,0,8,,,,,,,,,1.0,,,1.0,,,,,,,,,
acantopsis,rungthipae,1.0,,,,,,,1.0,,,,,,,,,,,,,,,,,
acyrtus,rubiginosus,,1.0,0,4,,,1.0,,,,,,,,,,,,,,,,,,
haplochromis,albertianus,,,,,,,1.0,1.0,,,,,,,,,,,,,,,,,
notropis,chihuahua,,,,,,,1.0,1.0,,,,,,,,,,,,,,,,,
epinephelus,sexfasciatus,,1.0,10,80,,,,,,,,,1.0,,,,,,,,,,,,
auxis,rochei,,1.0,10,?,,,,,,,,,,,,1.0,,,,1.0,1.0,,,,
pseudochromis,fowleri,1.0,1.0,0,2,,,,,,,,,,,,,,,,,,,,,
cryptocentrus,fasciatus,,1.0,5,20,5,15,,,,,,,1.0,,,,,,,,,,,,
perca,flavescens,,,0,56,?,9,1.0,1.0,,,,,,,,1.0,,,,,,,,,
mastacembelus,tinwini,1.0,,,,,,,1.0,,,,,,,,,,,,,,,,,
hyphessobrycon,copelandi,,,,,,,1.0,1.0,,,,,,,,,,,,,,,,,
pseudanthias,squamipinnis,,1.0,0,55,5,35,,,,,,,1.0,,,,,,,,,,,,
poecilia,mexicana,,,,,,,1.0,1.0,7.0,7.0,20.0,20.0,,,,1.0,1.0,,,,,,,,
chiloscyllium,punctatum,,1.0,0,85,,,,,,,,,1.0,,,,,,,,,,,,
neobythites,fijiensis,,1.0,360,380,,,,,,,,,,,,,,,1.0,,,,,,
neoniphon,aurolineatus,,1.0,30,188,40,70,,,,,,,1.0,,,,,,,,,,,,
etelis,carbunculus,,1.0,90,400,200,350,1.0,,,,,,,,,,,,,,,,,,
hoplias,microlepis,,,,,,,1.0,1.0,,,,,,,,,,,,,,,,,
auchenipterichthys,longimanus,,,,,,,1.0,1.0,6.0,6.0,18.0,18.0,,,,,,,,,,,,,
scarus,niger,,1.0,0,30,,,,,,,,,1.0,,,,,,,,,,,,
chiloglanis,micropogon,,,,,,,1.0,1.0,,,,,,,,,,,,,,,,,
tor,putitora,,,0,?,0,1,1.0,1.0,7.4,7.4,,,,,,,,1.0,,,,,,,
ailia,coila,,,,,,,,1.0,,,,,,1.0,,1.0,,,,,,,,,
sewellia,lineolata,1.0,,,,,,,1.0,,,,,,,,,,,,,,,,,
pseudochromis,linda,1.0,1.0,1,20,,,,,,,,,,,,,,,,,,,,,
hybognathus,nuchalis,,,,,,,1.0,1.0,,,,,,,,,,,,,,,,,
labeobarbus,roylii,,,,,,,1.0,1.0,,,,,,,,,,,,,,,,,
scyliorhinus,retifer,1.0,1.0,36,750,,,,,,,,,,,,,,,,,,,,,
lethrinus,rubrioperculatus,,1.0,10,198,,,,,,,,,1.0,,,,1.0,,,,,,,,
rhinogobius,philippinus,1.0,,,,,,,1.0,,,,,,,,,,,,,,,,,
lethrinus,haematopterus,,1.0,,,,,,,,,,,1.0,,,,1.0,,,,,,,,
upeneus,oligospilus,,1.0,0,13,,,,,,,,,1.0,,,,,,,,,,,,
catostomus,columbianus,1.0,,,,,,,1.0,,,,,,,,,,,,,,,,,
etheostoma,histrio,,,,,,,1.0,1.0,,,,,,,,,,,,,,,,,
corythoichthys,haematopterus,,1.0,0,21,,,,,,,,,1.0,,,,,,,,,,,,
channa,striata,,,1,10,1,2,1.0,1.0,7.0,7.0,20.0,20.0,,,,1.0,,1.0,,,,,,,
pseudalutarius,nasicornis,,1.0,1,55,,,,,,,,,1.0,,,,,,,,,,,,
epinephelus,spilotoceps,,1.0,0,30,,,,,,,,,1.0,,,,,,,,,,,,
benthosema,pterotum,,1.0,10,300,,,1.0,,,,,,,,,,,,,,,,,,
campostoma,ornatum,,,,,,,1.0,1.0,,,,,,,,,,,,,,,,,
enchelycore,lichenosa,,1.0,5,24,,,,,,,,,1.0,,,,,,,,,,,,
amphiprion,melanopus,,1.0,1,18,,,,,,,,,1.0,,,,1.0,,,,,,,,
serrasalmus,odyssei,,,,,,,,1.0,,,,,,1.0,,,,,,,,,,,
chaunax,suttkusi,,1.0,220,1362,,,,,,,,,,,,,,,1.0,,,,,,
amblyeleotris,steinitzi,,1.0,2,43,,,,,,,,,1.0,,,1.0,,,,,,,,,
epinephelus,maculatus,,1.0,2,100,,,,,,,,,1.0,,,,,,,,,,,,
plagopterus,argentissimus,1.0,,,,,,,1.0,,,,,,,,,,,,,,,,,
denticeps,clupeoides,,,,,,,,1.0,,,,,,1.0,,,,,,,,,,,
oxycheilinus,nigromarginatus,,1.0,10,27,,,,,,,,,1.0,,,,,,,,,,,,
ompok,bimaculatus,1.0,,0,2,,,,1.0,6.0,6.0,4.0,4.0,,,,1.0,,1.0,,,,,,,
plectorhinchus,gaterinus,,1.0,55,80,,,,,,,,,1.0,,,,,,,,,,,,
mylochromis,semipalatus,,,,,,,1.0,1.0,,,,,,,,,,,,,,,,,
kuhlia,xenura,,1.0,1,22,1,5,1.0,1.0,,,,,,,,1.0,,,,,,,,,
glyptothorax,callopterus,,,,,,,1.0,1.0,,,,,,,,,,,,,,,,,
cyprinodon,variegatus,,1.0,,,,,1.0,1.0,,,,,,,,1.0,1.0,,,,,,,,
girardinus,creolus,,,,,,,1.0,1.0,,,,,,,,,1.0,,,,,,,,
sillago,sihama,,1.0,0,60,0,2,,,,,,,1.0,,1.0,1.0,,,,,,,,,
corydoras,hastatus,1.0,,,,,,,1.0,6.0,6.0,5.0,5.0,,,,,,,,,,,,,
thalassoma,genivittatum,,1.0,0,?,4,25,,,,,,,1.0,,,,,,,,,,,,
epinephelus,ongus,,1.0,20,60,,,,,,,,,1.0,,,1.0,,,,,,,,,
hippopotamyrus,paugyi,1.0,,,,,,,1.0,6.5,6.5,10.0,10.0,,,,,,,,,,,,,
labiobarbus,leptocheilus,,,,,,,1.0,1.0,,,,,,,,,,1.0,,,,,,,
gambusia,panuco,,,,,,,1.0,1.0,,,,,,,,,,,,,,,,,
halichoeres,leucoxanthus,,1.0,7,60,15,50,,,,,,,1.0,,,,,,,,,,,,
cephalopholis,argus,,1.0,0,40,1,15,,,,,,,1.0,,,,1.0,,,,,,,,
halichoeres,hortulanus,,1.0,0,40,1,30,,,,,,,1.0,,,,,,,,,,,,
cirrhilabrus,lubbocki,,1.0,4,45,5,30,,,,,,,1.0,,,,,,,,,,,,
opsarius,pulchellus,,,,,,,1.0,1.0,,,,,,,,,,,,,,,,,
hemigrammus,ocellifer,,,,,,,1.0,1.0,6.0,6.0,5.0,5.0,,,,,,,,,,,,,
caprodon,schlegelii,,1.0,50,200,,,1.0,,,,,,,,,,,,,,,,,,
gymnocephalus,cernua,,,2,85,,,1.0,1.0,7.0,7.0,8.0,8.0,,,,1.0,,1.0,,,,,,,
cottus,asper,1.0,1.0,,,,,,1.0,,,,,,,,1.0,,,,,,,,,1.0
notropis,topeka,,,,,,,1.0,1.0,,,,,,,,,,,,,,,,,
gambusia,alvarezi,,,,,,,1.0,1.0,7.5,7.5,10.0,10.0,,,,,1.0,,,,,,,,
labeobarbus,altianalis,,,0,50,,,1.0,1.0,,,,,,,,,,,,,,,,,
carangoides,bajad,,1.0,2,70,,,,,,,,,1.0,,,,,,,,,,,,
etheostoma,perlongum,,,,,,,1.0,1.0,,,,,,,,,,,,,,,,,
lepomis,gibbosus,,,0,41,,,1.0,1.0,7.0,7.0,10.0,10.0,,,,1.0,,1.0,,,,,,,
sargocentron,tiere,,1.0,0,183,1,20,,,,,,,1.0,,,,,,,,,,,,
ptereleotris,microlepis,,1.0,1,50,1,10,,,,,,,1.0,,,,,,,,,,,,
hyphessobrycon,poecilioides,,,,,,,1.0,1.0,,,,,,,,,,,,,,,,,
diplodus,noct,,1.0,1,8,,,,,,,,,1.0,,,,,,,,,,,,
hemibagrus,fortis,1.0,,,,,,,1.0,,,,,,,,,,,,,,,,,
microphysogobio,brevirostris,,,1,5,,,1.0,1.0,,,,,,,,,,,,,,,,,
parodon,pongoensis,,,,,,,1.0,1.0,6.0,6.0,15.0,15.0,,,,,,,,,,,,,
hypoptopoma,inexspectatum,1.0,,,,,,,1.0,,,,,,,,,,,,,,,,,
anchoa,mitchilli,,1.0,1,70,1,36,,1.0,,,,,,,1.0,1.0,,,,,1.0,,,,
chrosomus,cumberlandensis,1.0,,,,,,,1.0,,,,,,,,,,,,,,,,,
pristiapogon,kallopterus,,1.0,3,158,,,,,,,,,1.0,,,1.0,,,,,,,,,
notropis,hudsonius,,,,,,,1.0,1.0,,,,,,,,1.0,,,,,,,,,
plectranthias,longimanus,,1.0,6,75,,,,,,,,,1.0,,,,,,,,,,,,
morone,chrysops,,,0,13,,,1.0,1.0,,,,,,,,,,1.0,,,,,,,
bythaelurus,clevai,,1.0,425,500,,,,,,,,,,,,,,,1.0,,,,,,
stethojulis,interrupta,,1.0,?,18,,,,,,,,,1.0,,,,,,,,,,,,
notropis,jemezanus,,,,,,,1.0,1.0,,,,,,,,,,,,,,,,,
trachurus,symmetricus,,1.0,0,400,,,,,,,,,,,,,,,,1.0,,,1.0,,
hypsibarbus,wetmorei,,,,,,,1.0,1.0,7.0,7.0,15.0,15.0,,,,,,1.0,,,,,,,
plectropomus,laevis,,1.0,4,100,,,,,,,,,1.0,,,,,,,,,,,,
catostomus,bernardini,1.0,,,,,,,1.0,,,,,,,,,,,,,,,,,
ancistrus,occidentalis,1.0,,,,,,,1.0,,,,,,,,,,,,,,,,,
prochilodus,reticulatus,,,1,?,,,1.0,1.0,,,,,,,,1.0,,,,,,,,,
paretroplus,kieneri,1.0,,,,,,,1.0,,,,,,,,,,,,,,,,,
notropis,rubricroceus,,,,,,,1.0,1.0,,,,,,,,,,,,,,,,,
lepisosteus,oculatus,1.0,,,,,,,1.0,,,,,,,,1.0,,,,,,,,,
devario,regina,,,,,,,1.0,1.0,,,,,,,,,,,,,,,,,
orestias,tutini,,,,,,,1.0,1.0,,,,,,,,,1.0,,,,,,,,
scorpaenodes,varipinnis,,1.0,0,200,,,,,,,,,1.0,,,,,,,,,,,,
breviraja,colesi,,1.0,366,522,,,,,,,,,,,,,,,1.0,,,,,,
lepidomeda,vittata,1.0,,,,,,,1.0,,,,,,,,,,,,,,,,,
trachyrhamphus,bicoarctatus,,1.0,1,42,,,,,,,,,1.0,,,,,,,,,,,,
cyprinella,caerulea,,,,,,,1.0,1.0,,,,,,,,,,,,,,,,,
rhinecanthus,aculeatus,,1.0,0,50,,,,,,,,,1.0,,,,,,,,,,,,
rhabdosargus,globiceps,,1.0,?,100,,,1.0,,,,,,,,,1.0,,,,1.0,,,,,
halichoeres,margaritaceus,,1.0,0,5,,,,,,,,,1.0,,,,,,,,,,,,
osteochilus,vittatus,,,5,?,,,1.0,1.0,6.5,6.5,5.0,5.0,,,,,,1.0,,,,,,,
copadichromis,verduyni,,,,,,,1.0,1.0,7.3,7.3,5.0,5.0,,,,,,,,,,,,,
notropis,baileyi,,,,,,,1.0,1.0,,,,,,,,,,,,,,,,,
hypentelium,nigricans,1.0,,,,,,,1.0,,,,,,,,,,1.0,,,,,,,
pareutropius,longifilis,1.0,,,,,,,1.0,,,,,,,,,,,,,,,,,
oncorhynchus,kisutch,,1.0,0,250,,,,1.0,,,,,,,,1.0,,,,,1.0,1.0,,,
noturus,gilberti,1.0,,,,,,,1.0,,,,,,,,,,,,,,,,,
notolabrus,tetricus,,1.0,?,50,,,,,,,,,1.0,,,,,,,,,,,,
thalassoma,lutescens,,1.0,0,30,1,30,,,,,,,1.0,,,,,,,,,,,,
caprodon,longimanus,,1.0,0,400,15,60,,,,,,,1.0,,,,,,,,,,,,
rhinichthys,umatilla,1.0,,,,,,,1.0,,,,,,,,,,,,,,,,,
cirrhitichthys,oxycephalus,,1.0,1,40,10,25,,,,,,,1.0,,,,,,,,,,,,
jupiaba,ocellata,,,,,,,,1.0,,,,,,1.0,,,,,,,,,,,
mystus,bocourti,1.0,,,,,,,1.0,6.5,6.5,10.0,10.0,,,,,,1.0,,,,,,,
calotomus,japonicus,,1.0,,,,,,,,,,,1.0,,,,,,,,,,,,
gymnothorax,rueppellii,,1.0,0,40,,,,,28.0,28.0,,,1.0,,,1.0,,,,,,,,,
hemiramphus,far,,1.0,0,6,,,,,,,,,1.0,,,1.0,1.0,,,,,,,,
elagatis,bipinnulata,,1.0,0,150,2,10,,,,,,,1.0,,,,,,,,,,,,
garra,allostoma,,,,,,,1.0,1.0,,,,,,,,,,,,,,,,,
enteromius,chlorotaenia,,,,,,,1.0,1.0,,,,,,,,,,,,,,,,,
coilia,dussumieri,,1.0,0,50,,,,1.0,,,,,,,1.0,1.0,,,,,1.0,,,,
squalidus,japonicus,,,,,,,1.0,1.0,,,,,,,,,,,,,,,,,
fundulus,catenatus,,,,,,,1.0,1.0,,,,,,,,,1.0,,,,,,,,
characidium,fasciatum,,,,,,,1.0,1.0,5.6,5.6,25.0,25.0,,,,,,,,,,,,,
pteronotropis,hypselopterus,,,,,,,1.0,1.0,7.0,7.0,,,,,,,,,,,,,,,
girardinus,metallicus,1.0,,,,,,,1.0,6.0,6.0,9.0,9.0,,,,,1.0,,,,,,,,
gephyrocharax,valencia,,,,,,,1.0,1.0,6.0,6.0,25.0,25.0,,,,,,,,,,,,,
labidochromis,pallidus,,,,,,,1.0,1.0,7.8,7.8,10.0,10.0,,,,,,,,,,,,,
hisonotus,maculipinnis,,,,,,,1.0,1.0,,,,,,,,,,,,,,,,,
prionurus,laticlavius,,1.0,3,30,3,25,,,,,,,1.0,,,,,,,,,,,,
noturus,miurus,1.0,,,,,,,1.0,,,,,,,,,,,,,,,,,
neomerinthe,erostris,,1.0,52,505,,,1.0,,,,,,,,,,,,,,,,,,
doryrhamphus,excisus,,1.0,2,50,,,,,,,,,1.0,,,,,,,,,,,,
leuciscus,leuciscus,,,1,?,,,1.0,1.0,6.0,6.0,,,,,,1.0,,1.0,,,,,,,
gambusia,affinis,,,,,,,1.0,1.0,6.0,6.0,5.0,5.0,,,,1.0,,1.0,,,,,,,
lutjanus,lemniscatus,,1.0,2,80,,,,,,,,,1.0,,,,,,,,,,,,
oncorhynchus,nerka,,1.0,0,250,,,,1.0,,,,,,,,1.0,,,,,,1.0,1.0,,
acanthopsoides,delphax,1.0,,,,,,,1.0,,,,,,,,,,1.0,,,,,,,
scorpaenodes,evides,1.0,1.0,1,40,,,,,,,,,,,,,,,,,,,,,
parupeneus,cyclostomus,,1.0,0,125,,,,,,,,,1.0,,,,1.0,,,,,,,,
leptatherina,presbyteroides,,1.0,,,,,,,,,,,,,,,,,,,1.0,,,,
silhouettea,nuchipunctatus,1.0,1.0,,,,,,,,,,,,,,,,,,,,,,,
richardsonius,balteatus,1.0,,0,?,,,,1.0,,,,,,,,,,,,,,,,,
paralichthys,dentatus,1.0,1.0,10,183,?,37,,,,,,,,,,1.0,,,,1.0,,,,,
praealticus,tanegasimae,1.0,1.0,,,,,,,,,,,,,,,,,,,,,,,
cheilinus,oxycephalus,,1.0,0,40,,,,,,,,,1.0,,,,,,,,,,,,
choerodon,fasciatus,,1.0,5,35,5,35,,,,,,,1.0,,,,,,,,,,,,
catostomus,tahoensis,1.0,,,,,,,1.0,,,,,,,,,,,,,,,,,
chilomycterus,spinosus,1.0,1.0,70,190,,,,,,,,,,,,1.0,,,,,,,,,
scorpaenopsis,ramaraoi,1.0,1.0,1,60,,,,,,,,,,,,,,,,,,,,,
enneacanthus,obesus,1.0,,,,,,,1.0,7.0,7.0,8.0,8.0,,,,,,,,,,,,,
ictalurus,meridionalis,1.0,,,,,,,1.0,,,,,,,,,,,,,,,,,
auchenoglanis,occidentalis,1.0,,,,,,,1.0,6.5,6.5,28.0,28.0,,,,,,1.0,,,,,,,
cottus,carolinae,1.0,,,,,,,1.0,,,,,,,,,,,,,,,,,
saurida,nebulosa,,1.0,0,100,2,60,,,,,,,1.0,,,1.0,,,,,,,,,
rhamdia,quelen,,,0,3,,,1.0,1.0,7.0,7.0,,,,,,,,,,,,,,,
pristolepis,fasciata,1.0,,,,,,,1.0,7.0,7.0,10.0,10.0,,,,,,1.0,,,,,,,
anampses,geographicus,,1.0,1,25,,,,,,,,,1.0,,,,,,,,,,,,
parapercis,schauinslandii,,1.0,9,170,16,?,,,,,,,1.0,,,,,,,,,,,,
labidochromis,mbenjii,,,,,,,1.0,1.0,,,,,,,,,,,,,,,,,
aplocheilus,panchax,,,,,,,1.0,1.0,6.0,6.0,5.0,5.0,,,,1.0,1.0,,,,,,,,
cyprinella,whipplei,,,,,,,1.0,1.0,,,,,,,,,,,,,,,,,
moxostoma,ariommum,1.0,,,,,,,1.0,,,,,,,,,,,,,,,,,
carassius,carassius,1.0,,5,?,,,,1.0,,,,,,,,1.0,,1.0,,,,,,,
citharoides,macrolepidotus,1.0,1.0,121,271,,,,,,,,,,,,,,,,,,,,,
apteronotus,bonapartii,,,,,,,1.0,1.0,,,,,,,,,,,,,,,,,
piaractus,brachypomus,,,,,,,,1.0,4.8,4.8,15.0,15.0,,1.0,,,,,,,,,,,
centrarchus,macropterus,1.0,,,,,,,1.0,6.5,6.5,10.0,10.0,,,,,,,,,,,,,
callionymus,decoratus,1.0,1.0,1,134,,,,,,,,,,,,,,,,,,,,,
chrysichthys,sianenna,1.0,,,,25,75,,1.0,,,,,,,,,,,,,,,,,
pseudocaranx,dentex,,1.0,10,238,10,25,,,,,,,1.0,,,1.0,,,,,,,,,
hemigrammus,gracilis,,,,,,,1.0,1.0,,,,,,,,,,,,,,,,,
parascorpaena,mossambica,,1.0,0,18,,,,,,,,,1.0,,,,,,,,,,,,
dibranchus,tremendus,,1.0,750,2300,,,,,,,,,,,,,,,1.0,,,,,,
ostorhinchus,angustatus,,1.0,6,65,,,,,,,,,1.0,,,,,,,,,,,,
triglops,pingelii,1.0,1.0,0,930,18,91,,,,,,,,,,,,,,,,,,,
sebastapistes,mauritiana,,1.0,0,10,0,5,,,,,,,1.0,,,,,,,,,,,,
pseudochromis,cyanotaenia,,1.0,0,30,0,20,,,,,,,1.0,,,,,,,,,,,,
asterropteryx,semipunctata,,1.0,1,20,,,,,,,,,1.0,,,,,,,,,,,,
terapon,jarbua,1.0,1.0,20,350,,,,1.0,,,,,,,,1.0,,,,,,,,,1.0
epinephelus,marginatus,,1.0,8,300,?,50,,,,,,,1.0,,,,,,,,,,,,
parascolopsis,eriomma,1.0,1.0,25,264,,,,,,,,,,,,,1.0,,,,,,,,
geophagus,brasiliensis,,,,,,,1.0,1.0,6.5,6.5,5.0,5.0,,,,1.0,,1.0,,,,,,,
pangio,myersi,1.0,,,,,,,1.0,,,,,,,,,,,,,,,,,
barbus,barbus,,,10,?,,,1.0,1.0,,,,,,,,,,1.0,,,,,,,
tautogolabrus,adspersus,,1.0,10,128,,,,,,,,,1.0,,,,,,,,,,,,
menidia,menidia,,1.0,0,3,,,,,,,,,,,,1.0,,,,1.0,1.0,,,,
epinephelus,morrhua,,1.0,80,370,,,,,,,,,1.0,,,,1.0,,,,,,,,
choerodon,graphicus,,1.0,15,40,,,,,,,,,1.0,,,,,,,,,,,,
neolebias,kerguennae,,,,,,,,1.0,,,,,,1.0,,,,,,,,,,,
cosmochilus,harmandi,,,,,,,1.0,1.0,,,,,,,,,,1.0,,,,,,,
lythrurus,umbratilis,,,,,,,1.0,1.0,,,,,,,,,,,,,,,,,
abudefduf,sexfasciatus,,1.0,1,20,,,,,,,,,1.0,,,,1.0,,,,,,,,
noturus,elegans,,,,,,,1.0,1.0,,,,,,,,,,,,,,,,,
mycteroperca,microlepis,,1.0,30,160,,,,,,,,,1.0,,,1.0,,,,1.0,,,,,
rhodeus,atremius,,,,,,,1.0,1.0,6.8,6.8,20.0,20.0,,,,,,,,,,,,,
trimma,striatum,,1.0,20,30,,,,,,,,,1.0,,,,,,,,,,,,
notropis,ammophilus,,,,,,,1.0,1.0,,,,,,,,,,,,,,,,,
lepomis,macrochirus,,,,,,,1.0,1.0,7.0,7.0,10.0,10.0,,,,,,,,,,,,,
iniistius,pavo,,1.0,1,100,20,?,,,,,,,1.0,,,,,,,,,,,,
novaculichthys,taeniourus,,1.0,3,25,?,14,,,,,,,1.0,,,,,,,,,,,,
histiobranchus,bathybius,,1.0,295,5440,?,2420,1.0,,,,,,,,,,,,,,,,,,
tor,khudree,,,,,,,1.0,1.0,,,,,,,,,,1.0,,,,,,,
enteromius,radiatus,,,,,,,1.0,1.0,,,,,,,,,,,,,,,,,
hysterocarpus,traskii,1.0,,,,,,,1.0,,,,,,,,1.0,,,,,,,,,
variola,albimarginata,,1.0,4,200,12,90,,,,,,,1.0,,,,,,,,,,,,
cyprinella,venusta,,,,,,,1.0,1.0,,,,,,,,,,,,,,,,,
chlorurus,capistratoides,,1.0,5,15,,,,,,,,,1.0,,,,,,,,,,,,
halichoeres,scapularis,,1.0,1,20,,,,,,,,,1.0,,,,,,,,,,,,
agosia,chrysogaster,1.0,,,,,,,1.0,,,,,,,,,,,,,,,,,
chaunax,nudiventer,,1.0,282,1089,,,,,,,,,,,,,,,1.0,,,,,,
crossocheilus,cobitis,,,,,,,1.0,1.0,6.5,6.5,5.0,5.0,,,,,,,,,,,,,
apogon,talboti,,1.0,0,37,,,,,,,,,1.0,,,,,,,,,,,,
kyphosus,sydneyanus,1.0,1.0,1,20,,,,,,,,,,,,1.0,,,,,,,,,
antennarius,striatus,,1.0,10,219,?,40,,,,,,,1.0,,,1.0,,,,,,,,,
mycteroperca,tigris,,1.0,10,40,,,,,,,,,1.0,,,,,,,,,,,,
carasobarbus,apoensis,,,,,,,1.0,1.0,,,,,,,,,,,,,,,,,
ariopsis,seemanni,1.0,1.0,,,,,,1.0,6.8,6.8,8.0,8.0,,,,1.0,,,,,,,,,
ostorhinchus,hoevenii,,1.0,20,30,,,,,,,,,1.0,,,1.0,,,,,,,,,
neobythites,sereti,,1.0,?,1500,,,,,,,,,,,,,,,1.0,,,,,,
cobitis,hellenica,,,,,,,1.0,1.0,,,,,,,,,,,,,,,,,
rhonciscus,crocro,1.0,1.0,0,120,,,,1.0,,,,,,,1.0,1.0,,,,,,,,,
noturus,flavus,1.0,,,,,,,1.0,,,,,,,,,,,,,,,,,
atractosteus,spatula,1.0,,0,?,,,,1.0,,,,,,,,1.0,,,,,,,,,
lutjanus,carponotatus,,1.0,1,80,,,,,,,,,1.0,,,,,,,,,,,,
scorpaenopsis,diabolus,,1.0,1,70,,,,,,,,,1.0,,,,,,,,,,,,
albula,vulpes,,1.0,0,84,1,15,,,,,,,1.0,,1.0,1.0,,,,,,,,,
scarus,iseri,,1.0,3,25,,,,,,,,,1.0,,,,,,,,,,,,
notropis,chalybaeus,,,,,,,1.0,1.0,,,,,,,,,,,,,,,,,
horabagrus,brachysoma,1.0,,,,,,,1.0,,,,,,,1.0,1.0,,,,,,,,,
hydrocynus,vittatus,1.0,,,,,,,1.0,,,,,,,,,,1.0,,,,,,,
hyporthodus,mystacinus,,1.0,30,400,,,,,,,,,,,,,,,1.0,,,,,,
chiloglanis,sanagaensis,,,,,,,1.0,1.0,,,,,,,,,,,,,,,,,
bagrus,degeni,1.0,,,,,,,1.0,,,,,,,,,,,,,,,,,
amphiprion,clarkii,,1.0,1,70,,,,,,,,,1.0,,,,1.0,,,,,,,,
pseudobagrus,pratti,,,,,,,1.0,1.0,,,,,,,,,,,,,,,,,
ostracion,meleagris,,1.0,0,30,,,,,,,,,1.0,,,,,,,,,,,,
bathygobius,meggitti,1.0,1.0,,,,,,,,,,,,,,1.0,,,,,,,,,
labeobarbus,polylepis,,,,,,,1.0,1.0,,,,,,,,,,,,,,,,,
kyphosus,bigibbus,,1.0,2,?,,,,,,,,,1.0,,,,,,,1.0,,,,,
notropis,leuciodus,,,,,,,1.0,1.0,,,,,,,,,,,,,,,,,
toxotes,chatareus,,,,,,,,1.0,,,,,,1.0,1.0,1.0,,,,,,,,,
chaetostoma,thomsoni,1.0,,,,,,,1.0,,,,,,,,,,,,,,,,,
plectorhinchus,polytaenia,,1.0,5,40,,,,,,,,,1.0,,,,,,,,,,,,
richardsonius,egregius,,,,,,,1.0,1.0,,,,,,,,,,,,,,,,,
aplochiton,zebra,,,,,,,1.0,1.0,,,,,,,,1.0,,,,,,,,,
scorpaenopsis,barbata,,1.0,0,30,,,,,,,,,1.0,,,,,,,,,,,,
ericymba,amplamala,,,0,1,,,,1.0,,,,,,1.0,,,,,,,,,,,
engraulis,encrasicolus,,1.0,0,400,,,,,,,,,,,,1.0,,,,1.0,1.0,,,,
tylochromis,jentinki,,,,,,,1.0,1.0,,,,,,,,1.0,,,,,,,,,
peristedion,brevirostre,,1.0,55,550,200,?,,,,,,,,,,,,,1.0,,,,,,
ostorhinchus,taeniophorus,,1.0,0,15,,,,,,,,,1.0,,,,,,,,,,,,
bunaka,gyrinoides,1.0,1.0,0,5,,,,1.0,,,,,,,1.0,1.0,,,,,,,,,
notropis,mekistocholas,,,,,,,1.0,1.0,,,,,,,,,,,,,,,,,
plectorhinchus,cinctus,,1.0,,,,,,,,,,,1.0,,,,,,,,,,,,
characidium,crandellii,,,,,,,1.0,1.0,,,,,,,,,,,,,,,,,
elassoma,evergladei,1.0,,,,,,,1.0,7.0,7.0,8.0,8.0,,,,,,,,,,,,,
chrosomus,neogaeus,1.0,,,,,,,1.0,,,,,,,,,1.0,,,,,,,,
alepes,djedaba,,1.0,,,,,,,,,,,1.0,,1.0,,,,,,,,,,
salmo,salar,,1.0,0,210,10,23,1.0,1.0,,,,,,,,1.0,,,,,,1.0,,,
notropis,uranoscopus,,,,,,,1.0,1.0,,,,,,,,,,,,,,,,,
noturus,exilis,1.0,,,,,,,1.0,,,,,,,,,,,,,,,,,
omobranchus,obliquus,,1.0,0,3,,,,,,,,,1.0,,,1.0,,,,,,,,,
notropis,rubellus,,,,,,,1.0,1.0,,,,,,,,,,,,,,,,,
monotrete,leiurus,1.0,,,,,,,1.0,7.0,7.0,12.0,12.0,,,,1.0,,,,,,,,,
helcogramma,obtusirostris,1.0,1.0,0,30,,,,,,,,,,,,1.0,,,,,,,,,
chrysichthys,ansorgii,1.0,,,,,,,1.0,,,,,,,,,,,,,,,,,
lagocephalus,sceleratus,,1.0,18,100,,,,,,,,,1.0,,,,,,,,,,,,
entomacrodus,vermiculatus,1.0,1.0,0,2,,,,,,,,,,,,,,,,,,,,,
plesiops,coeruleolineatus,,1.0,1,23,3,23,,,,,,,1.0,,,,,,,,,,,,
sierrathrissa,leonensis,,,0,8,,,,1.0,,,,,,1.0,,,,,,,,,,,
myripristis,amaena,,1.0,25,190,25,52,,,,,,,1.0,,,,1.0,,,,,,,,
enteromius,niokoloensis,,,,,,,1.0,1.0,,,,,,,,,,,,,,,,,
claea,dabryi,,,,,,,1.0,1.0,,,,,,,,,,,,,,,,,
notropis,longirostris,,,,,,,1.0,1.0,,,,,,,,,,,,,,,,,
kentrocapros,aculeatus,1.0,1.0,100,200,,,,,,,,,,,,,,,,,,,,,
canthigaster,coronata,,1.0,6,165,,,,,,,,,1.0,,,,,,,,,,,,
wetmorella,nigropinnata,,1.0,0,36,,,,,,,,,1.0,,,,,,,,,,,,
coregonus,lavaretus,1.0,,,,,,,1.0,7.0,7.0,20.0,20.0,,,,1.0,,,,,,1.0,,,
terapon,theraps,,1.0,?,10,,,,1.0,,,,,1.0,,,1.0,,,,,,,,,
meda,fulgida,1.0,,,,,,,1.0,,,,,,,,,,,,,,,,,
ostorhinchus,fasciatus,,1.0,2,128,15,30,,,,,,,1.0,,,,,,,,,,,,
synodus,variegatus,,1.0,0,121,5,60,,,,,,,1.0,,,,,,,,,,,,
notropis,nubilus,,,,,,,1.0,1.0,,,,,,,,,,,,,,,,,
brycinus,nurse,,,,,,,,1.0,6.0,6.0,30.0,30.0,,1.0,,,,1.0,,,,,,,
chrysiptera,unimaculata,,1.0,0,3,,,,,,,,,1.0,,,,1.0,,,,,,,,
cirrhilabrus,punctatus,,1.0,2,78,5,28,,,,,,,1.0,,,,,,,,,,,,
malakichthys,wakiyae,,1.0,?,200,,,,,,,,,,,,,,,,,1.0,,,,
alepocephalus,australis,,1.0,1000,2600,,,,,,,,,,,,,,,1.0,,,,,,
oplopomus,oplopomus,,1.0,1,30,1,20,,,,,,,1.0,,,,,,,,,,,,
mystus,nigriceps,1.0,,,,,,,1.0,6.0,6.0,5.0,5.0,,,,,,1.0,,,,,,,
notropis,rupestris,,,,,,,1.0,1.0,,,,,,,,,,,,,,,,,
coptodon,zillii,,,1,7,,,1.0,1.0,6.0,6.0,5.0,5.0,,,,1.0,,1.0,,,,,,,
anampses,melanurus,,1.0,15,110,,,,,,,,,1.0,,,,,,,,,,,,
carasobarbus,fritschii,,,,,,,1.0,1.0,,,,,,,,,,,,,,,,,
notropis,lutipinnis,,,,,,,1.0,1.0,,,,,,,,,,,,,,,,,
characidium,declivirostre,,,,,,,1.0,1.0,,,,,,,,,,,,,,,,,
paravandellia,oxyptera,,,,,,,1.0,1.0,,,,,,,,,,,,,,,,,
phenacogaster,microstictus,,,,,,,1.0,1.0,,,,,,,,,,,,,,,,,
cottus,cognatus,1.0,,6,128,,,,1.0,,,,,,,,1.0,,,,,,,,,
enteromius,dialonensis,,,,,,,1.0,1.0,,,,,,,,,,,,,,,,,
corythoichthys,schultzi,,1.0,2,30,,,,,,,,,1.0,,,,,,,,,,,,
pseudocheilinus,evanidus,,1.0,0,61,?,20,,,,,,,1.0,,,,,,,,,,,,
archocentrus,spinosissimus,,,,,,,1.0,1.0,7.5,7.5,,,,,,,,,,,,,,,
labidochromis,lividus,,,1,8,,,1.0,1.0,7.7,7.7,7.0,7.0,,,,,,,,,,,,,
brachyrhaphis,cascajalensis,,,,,,,,1.0,,,,,,1.0,,1.0,1.0,,,,,,,,
brachypetersius,pseudonummifer,,,,,,,,1.0,6.0,6.0,10.0,10.0,,1.0,,,,,,,,,,,
leptojulis,cyanopleura,,1.0,4,75,,,,,,,,,1.0,,,,,,,,,,,,
dascyllus,aruanus,,1.0,0,20,,,,,,,,,1.0,,,,1.0,,,,,,,,
pseudocoris,yamashiroi,,1.0,5,90,,,,,,,,,1.0,,,,,,,,,,,,
aspidontus,dussumieri,,1.0,1,20,,,,,,,,,1.0,,,,,,,,,,,,
cottus,bairdii,1.0,,?,16,,,,1.0,,,,,,,,,,,,,,,,,
pinjalo,lewisi,,1.0,20,150,,,,,,,,,1.0,,,,,,,,,,,,
petroscirtes,mitratus,,1.0,0,8,,,,,,,,,1.0,,,,,,,,,,,,
centropomus,undecimalis,,1.0,?,22,,,,1.0,,,,,1.0,,1.0,1.0,,,,,,,,,
pseudojuloides,cerasinus,,1.0,2,104,,,,,,,,,1.0,,,,,,,,,,,,
nanobagrus,torquatus,1.0,,,,,,,1.0,,,,,,,,,,,,,,,,,
istiblennius,edentulus,,1.0,0,5,0,1,,,,,,,1.0,,,1.0,,,,,,,,,
labidochromis,chisumulae,,,,,,,1.0,1.0,,,,,,,,,,,,,,,,,
epinephelus,multinotatus,,1.0,1,110,,,,,,,,,1.0,,,,,,,,,,,,
nemacheilus,masyai,,,,,,,1.0,1.0,,,,,,,,,,,,,,,,,
fundulus,lineolatus,,,,,,,1.0,1.0,6.8,6.8,,,,,,,1.0,,,,,,,,
enteromius,bigornei,,,,,,,1.0,1.0,,,,,,,,,,,,,,,,,
macropharyngodon,ornatus,,1.0,2,30,,,,,,,,,1.0,,,,1.0,,,,,,,,
abalistes,stellatus,1.0,1.0,7,350,,,,,,,,,,,1.0,,,,,,,,,,
hologymnosus,annulatus,,1.0,8,40,,,,,,,,,1.0,,,,,,,,,,,,
chelonodontops,patoca,,1.0,4,60,,,,1.0,,,,,1.0,,,1.0,,,,,,1.0,,,
kyphosus,sectatrix,,1.0,1,30,1,10,,,,,,,1.0,,,,,,,,,,,,
iniistius,pentadactylus,,1.0,2,30,,,,,,,,,1.0,,,,,,,,,,,,
rhodeus,sciosemus,,,,,,,1.0,1.0,,,,,,,,,,,,,,,,,
mystus,singaringan,1.0,,,,,,,1.0,,,,,,,,,,1.0,,,,,,,
epinephelus,longispinis,,1.0,1,70,,,,,,,,,1.0,,,,,,,,,,,,
mugil,cephalus,,1.0,0,120,0,10,1.0,1.0,,,,,,,,1.0,,,,,,,,,1.0
etheostoma,olmstedi,,,,,,,1.0,1.0,,,,,,,,,,,,,,,,,
cephalopholis,sonnerati,,1.0,10,150,20,150,,,,,,,1.0,,,,1.0,,,,,,,,
catostomus,catostomus,1.0,,?,180,,,,1.0,6.5,6.5,5.0,5.0,,,,1.0,,,,,,,,,
boops,boops,1.0,1.0,0,350,0,100,,,,,,,,,,,,,,1.0,,,,,
mormyrus,subundulatus,1.0,,,,,,,1.0,,,,,,,,,,,,,,,,,
lethrinus,lentjan,,1.0,10,90,,,,,,,,,1.0,,,1.0,1.0,,,,,,,,
sargocentron,punctatissimum,,1.0,0,183,1,30,,,,,,,1.0,,,,,,,,,,,,
pomoxis,nigromaculatus,,,0,?,,,1.0,1.0,6.0,6.0,,,,,,,,,,,,,,,
samariscus,sunieri,1.0,1.0,118,276,,,,,,,,,,,,,,,,,,,,,
catostomus,rimiculus,1.0,,,,,,,1.0,,,,,,,,,,,,,,,,,
epinephelus,akaara,,1.0,1,55,,,,,,,,,1.0,,,,,,,,,,,,
codoma,ornata,,,,,,,1.0,1.0,,,,,,,,,,,,,,,,,
dionda,argentosa,,,,,,,1.0,1.0,,,,,,,,,,,,,,,,,
gymnocaesio,gymnoptera,,1.0,0,500,,,,,,,,,1.0,,,,1.0,,,,,,,,
dionda,episcopa,,,,,,,1.0,1.0,7.4,7.4,7.0,7.0,,,,,,,,,,,,,
narcine,bancroftii,1.0,1.0,?,35,,,,,,,,,,,,,,,,,,,,,
etmopterus,lucifer,,1.0,150,1357,,,,,,,,,,,,,,,,,,,1.0,,
labeobarbus,jubae,,,,,,,1.0,1.0,,,,,,,,,,,,,,,,,
lactoria,diaphana,,1.0,8,50,,,,,,,,,1.0,,,1.0,,,,,,,,,
amphilius,atesuensis,1.0,,,,,,,1.0,6.5,6.5,10.0,10.0,,,,,,,,,,,,,
stenogobius,hawaiiensis,1.0,,,,,,,1.0,,,,,,,,1.0,,,,,,,,,
eviota,afelei,,1.0,0,3,,,,,,,,,1.0,,,,,,,,,,,,
cromeria,nilotica,,,,,,,1.0,1.0,,,,,,,,,,,,,,,,,
scorpaena,orgila,1.0,1.0,,,,,,,,,,,,,,,,,,,,,,,
notropis,bifrenatus,,,,,,,1.0,1.0,,,,,,,,,,,,,,,,,
gila,coerulea,,,,,,,1.0,1.0,,,,,,,,,,,,,,,,,
notropis,micropteryx,,,,,,,1.0,1.0,,,,,,,,,,,,,,,,,
catostomus,santaanae,1.0,,,,,,,1.0,,,,,,,,,,,,,,,,,
lepisosteus,platostomus,1.0,,,,,,,1.0,,,,,,,,,,,,,,,,,
astyanax,leopoldi,,,,,,,1.0,1.0,,,,,,,,,,,,,,,,,
scomberoides,lysan,,1.0,0,100,,,,,,,,,1.0,,,1.0,,,,,,,,,
epinephelus,areolatus,,1.0,6,200,,,,,,,,,1.0,,,,,,,,,,,,
paralichthys,adspersus,1.0,1.0,1,35,,,,,,,,,,,,,,,,,,,,,
kyphosus,lutescens,,1.0,,,,,,,,,,,1.0,,,,,,,,,,,,
fundulus,grandis,,,,,,,1.0,1.0,8.9,8.9,17.0,17.0,,,,1.0,,1.0,,,,,,,
scolopsis,taeniata,,1.0,20,50,,,,,,,,,1.0,,,,,,,,,,,,
japigny,kirschbaum,,,,,,,1.0,1.0,,,,,,,,,,,,,,,,,
moxostoma,lacerum,1.0,,,,,,,1.0,,,,,,,,,,,,,,,,,
gambusia,heterochir,,,,,,,1.0,1.0,,,,,,,,1.0,1.0,,,,,,,,
herichthys,cyanoguttatus,,,,,,,1.0,1.0,6.5,6.5,5.0,5.0,,,,,,,,,,,,,
notropis,ozarcanus,,,,,,,1.0,1.0,,,,,,,,,,,,,,,,,
parambassis,siamensis,1.0,,,,,,,1.0,,,,,,,,,,,,,,,,,
pteronotropis,metallicus,,,,,,,1.0,1.0,,,,,,,,,,,,,,,,,
macquaria,ambigua,1.0,,10,?,,,,1.0,,,,,,,,,,1.0,,,,,,,
coris,debueni,,1.0,1,60,,,,,,,,,1.0,,,,,,,,,,,,
chromis,ovalis,,1.0,6,161,,,,,,,,,1.0,,,,1.0,,,,,,,,
catostomus,latipinnis,1.0,,,,,,,1.0,,,,,,,,,,,,,,,,,
cyprinella,callistia,,,,,,,1.0,1.0,,,,,,,,,,,,,,,,,
galaxias,brevipinnis,,1.0,,,,,1.0,1.0,,,,,,,1.0,1.0,,,,,,,,,
cichlasoma,boliviense,,,,,,,1.0,1.0,7.0,7.0,15.0,15.0,,,,,,,,,,,,,
gila,nigra,,,,,,,1.0,1.0,,,,,,,,,,,,,,,,,
dalatias,licha,,1.0,37,1800,300,600,,,,,,,,,,,,,1.0,,,,,,
chaenobryttus,gulosus,1.0,,,,,,,1.0,7.0,7.0,10.0,10.0,,,,,,,,,,,,,
hybognathus,argyritis,1.0,,,,,,,1.0,,,,,,,,,,,,,,,,,
peristedion,longispatha,,1.0,,,,,,,,,,,,,,,,,1.0,,,,,,
cichlasoma,urophthalmum,,,2,?,,,1.0,1.0,,,,,,,,1.0,,,,,,,,,
noturus,munitus,1.0,,,,,,,1.0,,,,,,,,,,,,,,,,,
bryconacidnus,paipayensis,,,,,,,,1.0,,,,,,1.0,,,,,,,,,,,
mallotus,villosus,,1.0,0,725,?,200,,1.0,,,,,,,,1.0,,,,,,1.0,1.0,,
sargocentron,ittodai,,1.0,5,190,5,70,,,,,,,1.0,,,,,,,,,,,,
hyphessobrycon,eques,,,,,,,1.0,1.0,5.0,5.0,10.0,10.0,,,,,,,,,,,,,
labeobarbus,cardozoi,,,,,,,1.0,1.0,,,,,,,,,,,,,,,,,
priapichthys,darienensis,,,,,,,1.0,1.0,7.2,7.2,5.0,5.0,,,,,,,,,,,,,
mystus,pelusius,1.0,,,,,,,1.0,,,,,,,,1.0,,,,,,,,,
amphiprion,chrysogaster,,1.0,2,40,,,,,,,,,1.0,,,,1.0,,,,,,,,
chromis,weberi,,1.0,3,40,,,,,,,,,1.0,,,,1.0,,,,,,,,
herklotsichthys,quadrimaculatus,,1.0,0,13,,,,1.0,,,,,1.0,,,1.0,,,,,,,,,
notropis,scabriceps,,,,,,,1.0,1.0,,,,,,,,,,,,,,,,,
botia,birdi,1.0,,,,,,,1.0,,,,,,,,,,,,,,,,,
coris,flavovittata,,1.0,1,98,15,?,,,,,,,1.0,,,,,,,,,,,,
notropis,chrosomus,,,,,,,1.0,1.0,,,,,,,,,,,,,,,,,
lythrurus,bellus,,,,,,,1.0,1.0,,,,,,,,,,,,,,,,,
placidochromis,lineatus,,,123,125,,,1.0,1.0,,,,,,,,,,,,,,,,,
enneacanthus,chaetodon,1.0,,,,,,,1.0,6.5,6.5,10.0,10.0,,,,,,,,,,,,,
scarus,ghobban,,1.0,1,90,,,,,,,,,1.0,,,1.0,,,,,,,,,
glyptothorax,buchanani,,,,,,,1.0,1.0,,,,,,,,,,,,,,,,,
monotaxis,grandoculis,,1.0,0,100,5,30,,,,,,,1.0,,,,1.0,,,,,,,,
megalops,atlanticus,,1.0,0,40,0,15,,1.0,,,,,1.0,,1.0,1.0,,,,,,,,,
plectroglyphidodon,leucozonus,,1.0,0,6,,,,,,,,,1.0,,,,1.0,,,,,,,,
gymnothorax,atolli,1.0,1.0,?,8,,,,,,,,,,,,,,,,,,,,,
valenciennea,persica,,1.0,2,12,,,,,,,,,1.0,,,,,,,,,,,,
norfolkia,brachylepis,,1.0,1,25,2,7,,,,,,,1.0,,,,,,,,,,,,
brachyrhaphis,parismina,,,,,,,,1.0,7.0,7.0,4.0,4.0,,1.0,,,1.0,,,,,,,,
marcusenius,moorii,1.0,,,,,,,1.0,,,,,,,,,,,,,,,,,
epinephelus,undulosus,,1.0,24,90,,,,,,,,,1.0,,,,,,,,,,,,
heteropriacanthus,cruentatus,,1.0,3,300,3,35,,,,,,,1.0,,,,,,,,,,,,
pterois,volitans,,1.0,2,55,,,,,,,,,1.0,,,,,,,,,,,,
hypoclinemus,mentalis,1.0,,,,,,,1.0,,,,,,,,,,,,,,,,,
isorineloricaria,spinosissima,1.0,,,,,,,1.0,7.0,7.0,15.0,15.0,,,,,,,,,,,,,
parachromis,managuensis,,,3,10,,,1.0,1.0,7.0,7.0,10.0,10.0,,,,,,,,,,,,,
poropuntius,bolovenensis,,,,,,,1.0,1.0,,,,,,,,,,,,,,,,,
fowleria,isostigma,,1.0,0,30,,,,,,,,,1.0,,,,,,,,,,,,
epinephelus,malabaricus,,1.0,0,150,,,,,,,,,1.0,,1.0,1.0,,,,,,,,,
notropis,rafinesquei,,,,,,,1.0,1.0,,,,,,,,,,,,,,,,,
notropis,atrocaudalis,,,?,50,,,1.0,1.0,,,,,,,,,,,,,,,,,
cephalopholis,cyanostigma,,1.0,1,50,,,,,,,,,1.0,,,,1.0,,,,,,,,
pangio,agma,1.0,,,,,,,1.0,,,,,,,,,,,,,,,,,
scorpaenodes,guamensis,,1.0,0,20,0,5,,,,,,,1.0,,,,,,,,,,,,
ostracion,nasus,,1.0,2,80,,,,,,,,,1.0,,,,,,,,,,,,
moolgarda,cunnesius,1.0,1.0,0,3,,,,1.0,,,,,,,,1.0,,,,,,,,,1.0
syngnathus,scovelli,1.0,1.0,0,6,?,6,,1.0,,,,,,,,1.0,,,,,,,,,
pseudolabrus,fuentesi,,1.0,?,15,,,,,,,,,1.0,,,,,,,,,,,,
erimystax,dissimilis,1.0,,,,,,,1.0,,,,,,,,,,,,,,,,,
ivindomyrus,opdenboschi,1.0,,,,,,,1.0,,,,,,,,,,,,,,,,,
chlorurus,frontalis,,1.0,10,40,,,,,,,,,1.0,,,,,,,,,,,,
pomacentrus,coelestis,,1.0,1,20,,,,,,,,,1.0,,,,1.0,,,,,,,,
gila,crassicauda,,,,,,,1.0,1.0,,,,,,,,,,,,,,,,,
scleronema,minutum,1.0,,,,,,,1.0,,,,,,,,,,,,,,,,,
ctenochaetus,striatus,,1.0,0,60,6,30,,,,,,,1.0,,,,,,,,,,,,
moenkhausia,costae,,,,,,,1.0,1.0,,,,,,,,,,,,,,,,,
plectorhinchus,sordidus,,1.0,2,80,,,,,,,,,1.0,,,,,,,,,,,,
sardinella,longiceps,,1.0,20,200,,,,,,,,,,,,,,,,1.0,1.0,,,,
gnathopogon,imberbis,,,,,,,1.0,1.0,,,,,,,,,,,,,,,,,
rhinichthys,obtusus,,,2,5,,,,1.0,,,,,,1.0,,,,,,,,,,,
micropanchax,johnstoni,,,,,,,1.0,1.0,6.5,6.5,,,,,,,1.0,,,,,,,,
sebastapistes,strongia,,1.0,0,37,0,3,,,,,,,1.0,,,,,,,,,,,,
spondyliosoma,cantharus,,1.0,5,300,,,1.0,,,,,,,,,,,,,1.0,,,,,
ptereleotris,melanopogon,1.0,1.0,22,42,,,,,,,,,,,,,,,,,,,,,
enteromius,anniae,,,,,,,1.0,1.0,,,,,,,,,,,,,,,,,
brotula,multibarbata,,1.0,1,650,180,220,,,,,,,1.0,,,,,,,,,,,,
hoplias,malabaricus,,,,,,,1.0,1.0,6.0,6.0,4.0,4.0,,,,,,1.0,,,,,,,
sarotherodon,tournieri,1.0,,,,,,,1.0,,,,,,,,,,,,,,,,,
cirripectes,variolosus,,1.0,0,31,1,5,,,,,,,1.0,,,,,,,,,,,,
cosmocampus,banneri,,1.0,2,30,,,,,,,,,1.0,,,,,,,,,,,,
spirinchus,thaleichthys,,1.0,?,137,,,1.0,1.0,,,,,,,,1.0,,,,,,1.0,,,
astyanax,nasutus,,,,,,,1.0,1.0,,,,,,,,,,,,,,,,,
pseudobunocephalus,amazonicus,1.0,,,,,,,1.0,,,,,,,,,,,,,,,,,
sikukia,gudgeri,,,,,,,1.0,1.0,,,,,,,,,,1.0,,,,,,,
gila,elegans,,,,,,,1.0,1.0,,,,,,,,,,1.0,,,,,,,
lutjanus,sebae,,1.0,5,180,,,,,,,,,1.0,,,1.0,,,,,,,,,
halichoeres,leptotaenia,1.0,1.0,2,15,,,,,,,,,,,,,,,,,,,,,
varicorhinus,maroccanus,,,,,,,1.0,1.0,,,,,,,,,,,,,,,,,
scorpaenopsis,papuensis,,1.0,1,40,,,,,,,,,1.0,,,1.0,,,,,,,,,
rhabdoblennius,snowi,,1.0,0,3,,,,,,,,,1.0,,,,,,,,,,,,
paracirrhites,forsteri,,1.0,0,35,5,35,,,,,,,1.0,,,,,,,,,,,,
pentapodus,caninus,,1.0,2,35,,,,,,,,,1.0,,,,,,,,,,,,
chanos,chanos,,1.0,1,30,?,15,1.0,1.0,,,,,,,1.0,1.0,,,,,,,,,
oreochromis,mossambicus,,,1,12,,,1.0,1.0,,,,,,,1.0,1.0,,,,,,,,,
gobiocichla,wonderi,,,,,,,1.0,1.0,,,,,,,,,,,,,,,,,
notropis,anogenus,,,,,,,1.0,1.0,,,,,,,,,,,,,,,,,
pervagor,melanocephalus,,1.0,20,40,20,?,,,,,,,1.0,,,,,,,,,,,,
caranx,melampygus,,1.0,0,190,,,,,,,,,1.0,,,1.0,,,,,,,,,
pseudanthias,pictilis,,1.0,12,40,20,30,,,,,,,1.0,,,,,,,,,,,,
caranx,sexfasciatus,,1.0,0,146,,,,1.0,,,,,1.0,,1.0,1.0,,,,,,,,,
epinephelus,summana,,1.0,1,30,,,,,,,,,1.0,,,1.0,,,,,,,,,
euprotomicrus,bispinatus,,1.0,0,1800,,,,,,,,,,,,,,,,,,,,1.0,
paraclinus,integripinnis,1.0,1.0,0,15,,,,,,,,,,,,,,,,,,,,,
astyanax,atratoensis,,,,,,,1.0,1.0,,,,,,,,,,,,,,,,,
haplochromis,altigenis,,,?,16,,,1.0,1.0,,,,,,,,,,,,,,,,,
lutjanus,lutjanus,,1.0,0,96,,,,,,,,,1.0,,,,,,,,,,,,
argyrops,bleekeri,1.0,1.0,50,200,,,,,,,,,,,,1.0,,,,,,,,,
helcogramma,novaecaledoniae,1.0,1.0,2,38,,,,,,,,,,,,,,,,,,,,,
heterandria,formosa,,,,,,,1.0,1.0,7.0,7.0,9.0,9.0,,,,1.0,1.0,,,,,,,,
fusigobius,neophytus,,1.0,0,25,,,,,,,,,1.0,,,,,,,,,,,,
etheostoma,microperca,,,,,,,1.0,1.0,7.0,7.0,15.0,15.0,,,,,,,,,,,,,
oncorhynchus,keta,,1.0,0,250,?,61,1.0,1.0,,,,,,,,1.0,,,,,,1.0,,,
micralestes,eburneensis,,,,,,,,1.0,,,,,,1.0,,,,,,,,,,,
amia,calva,1.0,,,,,,,1.0,,,,,,,,,,,,,,,,,
scaphognathops,stejnegeri,,,,,,,1.0,1.0,,,,,,,,,,1.0,,,,,,,
bathypterois,dubius,,1.0,750,1941,,,,,,,,,,,,,,,1.0,,,,,,
istiblennius,zebra,,1.0,,,,,,,,,,,1.0,,,,,,,,,,,,
cottus,beldingii,1.0,,,,,,,1.0,,,,,,,,,,,,,,,,,
lepidomeda,copei,,,,,,,1.0,1.0,,,,,,,,,,,,,,,,,
parupeneus,margaritatus,,1.0,1,55,,,,,,,,,1.0,,,,,,,,,,,,
notropis,sabinae,,,,,,,1.0,1.0,,,,,,,,,,,,,,,,,
poeciliopsis,presidionis,,,,,,,1.0,1.0,,,,,,,,,,,,,,,,,
oxycheilinus,orientalis,,1.0,0,80,,,,,,,,,1.0,,,,,,,,,,,,
myripristis,vittata,,1.0,3,100,15,80,,,,,,,1.0,,,,,,,,,,,,
lepthoplosternum,pectorale,1.0,,,,,,,1.0,5.8,5.8,25.0,25.0,,,,,,,,,,,,,
brachirus,orientalis,1.0,1.0,15,20,,,,1.0,,,,,,,,1.0,,,,,,1.0,,,
schistura,robertsi,,,,,,,1.0,1.0,,,,,,,,,,,,,,,,,
apogon,semiornatus,,1.0,5,30,,,,,,,,,1.0,,,,,,,,,,,,
thalassoma,purpureum,,1.0,0,10,,,,,,,,,1.0,,,,,,,,,,,,
margariscus,margarita,1.0,,,,,,,1.0,,,,,,,,,,,,,,,,,
iniistius,aneitensis,,1.0,12,92,,,,,,,,,1.0,,,,,,,,,,,,
anampses,cuvier,,1.0,2,26,,,,,,,,,1.0,,,,,,,,,,,,
phalacronotus,apogon,,,,,,,1.0,1.0,,,,,,,,,,1.0,,,,,,,
tylosurus,crocodilus,,1.0,0,13,,,,,,,,,1.0,,,,,,,1.0,,,,,
poecilopsetta,multiradiata,,1.0,336,480,,,,,,,,,,,,,,,1.0,,,,,,
crenicichla,semicincta,,,,,,,1.0,1.0,,,,,,,,,,,,,,,,,
macropharyngodon,bipartitus,,1.0,?,30,,,,,,,,,1.0,,,,1.0,,,,,,,,
planiliza,subviridis,1.0,1.0,0,5,,,,1.0,,,,,,,,1.0,,,,,,,,,1.0
chaetodon,punctatofasciatus,,1.0,0,45,,,,,,,,,1.0,,,,,,,,,,,,
gila,atraria,,,,,,,1.0,1.0,,,,,,,,,,,,,,,,,
labeobarbus,capensis,,,,,,,1.0,1.0,,,,,,,,,,,,,,,,,
gnathanodon,speciosus,,1.0,0,80,,,,,,,,,1.0,,,,,,,,,,,,
hemibrycon,taeniurus,,,,,,,1.0,1.0,,,,,,,,,,,,,,,,,
makunaima,guianensis,,,1,?,,,1.0,1.0,5.8,5.8,8.0,8.0,,,,,,,,,,,,,
astatoreochromis,alluaudi,,,?,20,,,1.0,1.0,7.5,7.5,15.0,15.0,,,,,,,,,,,,,
halichoeres,nebulosus,,1.0,1,40,,,,,,,,,1.0,,,,,,,,,,,,
copadichromis,pleurostigmoides,,,,,,,1.0,1.0,,,,,,,,,,,,,,,,,
cephalopholis,miniata,,1.0,2,150,,,,,,,,,1.0,,,,1.0,,,,,,,,
notropis,cummingsae,,,,,,,1.0,1.0,,,,,,,,,,,,,,,,,
balitora,burmanica,1.0,,,,,,,1.0,7.0,7.0,8.0,8.0,,,,,,,,,,,,,
campostoma,pullum,,,,,,,1.0,1.0,,,,,,,,,,,,,,,,,
gastromyzon,contractus,,,,,,,1.0,1.0,,,,,,,,,,,,,,,,,
stolephorus,indicus,,1.0,20,50,,,,,,,,,,,,1.0,,,,1.0,1.0,,,,
astronesthes,niger,,1.0,0,?,,,,,,,,,,,,,,,,,,,,1.0,
nemacheilus,binotatus,,,0,1,,,1.0,1.0,,,,,,,,,,,,,,,,,
chromidotilapia,guntheri,,,,,,,1.0,1.0,6.0,6.0,5.0,5.0,,,,,,1.0,,,,,,,
lobocheilos,delacouri,,,,,,,1.0,1.0,,,,,,,,,,,,,,,,,
pervagor,aspricaudus,,1.0,1,25,,,,,,,,,1.0,,,,,,,,,,,,
pseudophoxinus,libani,,,,,,,1.0,1.0,,,,,,,,,,,,,,,,,
halichoeres,nigrescens,,1.0,3,10,,,,,,,,,1.0,,,,,,,,,,,,
notropis,melanostomus,,,,,,,1.0,1.0,,,,,,,,,,,,,,,,,
cottus,gulosus,1.0,,,,,,,1.0,,,,,,,,,,,,,,,,,
parodon,bifasciatus,,,,,,,1.0,1.0,,,,,,,,,,,,,,,,,
platygobio,gracilis,1.0,,,,,,,1.0,,,,,,,,,,,,,,,,,
misgurnus,anguillicaudatus,1.0,,5,?,,,,1.0,,,,,,,,,,,,,,,,,
chaetostoma,lepturum,1.0,,,,,,,1.0,,,,,,,,,,,,,,,,,
anabas,testudineus,1.0,,0,?,,,,1.0,,,,,,,,1.0,,1.0,,,,,,,
chromis,circumaurea,,1.0,111,130,,,,,,,,,1.0,,,,,,,,,,,,
rhomboplites,aurorubens,1.0,1.0,40,300,40,100,,,,,,,,,,,,,,,,,,,
cyprinella,lutrensis,,,,,,,1.0,1.0,7.0,7.0,10.0,10.0,,,,,,,,,,,,,
eviota,abax,,1.0,,,,,,,,,,,1.0,,,,,,,,,,,,
acipenser,sturio,1.0,1.0,4,93,5,60,,1.0,7.5,7.5,10.0,10.0,,,,1.0,,,,,,1.0,,,
taeniamia,fucata,,1.0,2,60,,,,,,,,,1.0,,,,,,,,,,,,
phenacobius,crassilabrum,1.0,,,,,,,1.0,,,,,,,,,,,,,,,,,
astroblepus,guentheri,1.0,,,,,,,1.0,,,,,,,,,,,,,,,,,
luxilus,chrysocephalus,1.0,,,,,,,1.0,,,,,,,,,,,,,,,,,
scorpaenopsis,brevifrons,,1.0,1,38,,,,,,,,,1.0,,,,1.0,,,,,,,,
epinephelus,morio,,1.0,5,330,70,330,,,,,,,1.0,,,,1.0,,,,,,,,
luciobarbus,steindachneri,,,,,,,1.0,1.0,,,,,,,,,,,,,,,,,
catostomus,microps,1.0,,,,,,,1.0,,,,,,,,,,,,,,,,,
pterocryptis,buccata,1.0,,,,,,,1.0,,,,,,,,,,,,,,,,,
ancistrus,gymnorhynchus,1.0,,,,,,,1.0,,,,,,,,,,,,,,,,,
xenentodon,canciloides,,,0,?,,,,1.0,,,,,,1.0,,,,,,,,,,,
gymnothorax,phasmatodes,1.0,1.0,,,,,,,,,,,,,,,,,,,,,,,
amphiprion,tricinctus,,1.0,3,40,,,,,,,,,1.0,,,,1.0,,,,,,,,
scarus,caudofasciatus,,1.0,8,40,,,,,,,,,1.0,,,,1.0,,,,,,,,
pseudochromis,elongatus,,1.0,5,60,,,,,,,,,1.0,,,,,,,,,,,,
priolepis,farcimen,,1.0,,,,,,,,,,,1.0,,,,1.0,,,,,,,,
petromyzon,marinus,1.0,1.0,1,4099,,,,1.0,,,,,,,,1.0,,,,,,1.0,,,
gagata,gagata,1.0,,,,,,,1.0,,,,,,,,1.0,,,,,,,,,
anodontostoma,chacunda,,1.0,0,50,,,,1.0,,,,,,,,1.0,,,,,1.0,1.0,,,
rivulus,cylindraceus,,,,,,,1.0,1.0,7.0,7.0,7.0,7.0,,,,,1.0,,,,,,,,
phractura,intermedia,1.0,,,,,,,1.0,,,,,,,,,,,,,,,,,
hemigrammus,elegans,,,,,,,1.0,1.0,,,,,,,,,,,,,,,,,
sicyopus,nigriradiatus,,1.0,,,,,1.0,1.0,,,,,,,1.0,1.0,,,,,,,,,
pentapodus,paradiseus,,1.0,10,70,,,,,,,,,1.0,,,,,,,,,,,,
noturus,maydeni,1.0,,,,,,,1.0,,,,,,,,,,,,,,,,,
dussumieria,elopsoides,,1.0,0,50,,,,,,,,,,,,,,,,,1.0,,,,
erimyzon,sucetta,1.0,,,,,,,1.0,7.0,7.0,15.0,15.0,,,,,,,,,,,,,
samaris,spinea,,1.0,44,88,,,,,,,,,,,,,,,,,1.0,,,,
serranochromis,macrocephalus,1.0,,,,,,,1.0,,,,,,,,,,,,,,,,,
epinephelus,fuscoguttatus,,1.0,1,60,,,,,,,,,1.0,,,,,,,,,,,,
scorpaenopsis,eschmeyeri,1.0,1.0,1,24,,,,,,,,,,,,,,,,,,,,,
phenacobius,catostomus,1.0,,,,,,,1.0,,,,,,,,,,,,,,,,,
gobiesox,daedaleus,1.0,,,,,,,,,,,,,,,1.0,,,,,,,,,
ophioblennius,atlanticus,,1.0,50,?,,,,,,,,,1.0,,,,,,,,,,,,
apogonichthyoides,timorensis,,1.0,1,15,,,,,,,,,1.0,,,,1.0,,,,,,,,
rachycentron,canadum,,1.0,0,1200,,,,,,,,,1.0,,,1.0,,,,1.0,,,,,
acipenser,ruthenus,1.0,,1,?,,,,1.0,,,,,,,,1.0,,1.0,,,,,,,
otolithes,ruber,,1.0,10,50,,,1.0,,,,,,,,1.0,1.0,,,,,,,,,
carangoides,coeruleopinnatus,,1.0,1,60,,,,,,,,,1.0,,,,,,,,,,,,
psenopsis,obscura,,1.0,200,800,,,,,,,,,,,,,,,1.0,,,,,,
chirostoma,lucius,,,,,,,1.0,1.0,,,,,,,,,,,,,,,,,
gomphosus,varius,,1.0,0,35,2,30,,,,,,,1.0,,,,,,,,,,,,
cephalopholis,urodeta,,1.0,0,60,3,15,,,,,,,1.0,,,,,,,,,,,,
aplochiton,marinus,1.0,,,,,,,1.0,,,,,,,,1.0,,,,,,,,,
macrodontogobius,wilburi,,1.0,0,20,1,10,,,,,,,1.0,,,1.0,,,,,,,,,
barbonymus,gonionotus,,,15,?,,,1.0,1.0,,,,,,,,,,1.0,,,,,,,
channa,marulius,,,,,,,1.0,1.0,,,,,,,,,,1.0,,,,,,,
enteromius,stauchi,,,,,,,1.0,1.0,,,,,,,,,,,,,,,,,
chromis,earina,,1.0,60,116,,,,,,,,,1.0,,,,,,,,,,,,
schistura,deignani,1.0,,,,,,,1.0,,,,,,,,,,,,,,,,,
phoxinus,bigerri,,,,,,,1.0,1.0,,,,,,,,,,,,,,,,,
antennatus,nummifer,,1.0,0,293,19,20,,,,,,,1.0,,,,,,,,,,,,
balistoides,conspicillum,,1.0,1,75,,,,,,,,,1.0,,,1.0,,,,,,,,,
hyperopisus,bebe,1.0,,,,,,,1.0,,,,,,,,1.0,,1.0,,,,,,,
hemigrammus,microstomus,,,,,,,1.0,1.0,,,,,,,,,,,,,,,,,
hyphessobrycon,proteus,,,,,,,1.0,1.0,,,,,,,,,,,,,,,,,
parapercis,millepunctata,,1.0,3,50,,,,,,,,,1.0,,,,,,,,,,,,
epinephelus,rivulatus,,1.0,1,150,,,,,,,,,1.0,,,,,,,,,,,,
kyphosus,cinerascens,,1.0,0,45,,,,,,,,,1.0,,,,,,,,,,,,
alosa,alabamae,,1.0,,,,,,1.0,,,,,,,,1.0,,,,,1.0,1.0,,,
valenciennea,puellaris,,1.0,2,84,10,30,,,,,,,1.0,,,,,,,,,,,,
cirrhitus,pinnulatus,,1.0,0,23,1,3,,,,,,,1.0,,,,,,,,,,,,
novaculops,woodi,,1.0,?,48,,,1.0,,,,,,,,,,,,,,,,,,
astroblepus,festae,1.0,,,,,,,1.0,,,,,,,,,,,,,,,,,
plesiops,insularis,,1.0,0,25,2,25,,,,,,,1.0,,,,,,,,,,,,
etheostoma,rupestre,,,,,,,1.0,1.0,,,,,,,,,,,,,,,,,
samariscus,desoutterae,,1.0,310,350,,,,,,,,,,,,,,,1.0,,,,,,
notropis,blennius,,,,,,,1.0,1.0,,,,,,,,,,,,,,,,,
minous,monodactylus,1.0,1.0,10,55,,,,,,,,,,,,,,,,,,,,,
phenacogrammus,aurantiacus,,,,,,,1.0,1.0,,,,,,,,,,,,,,,,,
lepomis,cyanellus,,,,,,,1.0,1.0,7.0,7.0,10.0,10.0,,,,,,,,,,,,,
pascua,caudilinea,1.0,1.0,0,40,,,,,,,,,,,,,,,,,,,,,
siphateles,bicolor,,,,,,,1.0,1.0,,,,,,,,,,,,,,,,,
vanderhorstia,ambanoro,,1.0,1,30,,,,,,,,,1.0,,,,,,,,,,,,
chiloglanis,waterloti,,,,,,,1.0,1.0,,,,,,,,,,,,,,,,,
potamotrygon,motoro,,,,,,,1.0,1.0,5.0,5.0,10.0,10.0,,,,,,1.0,,,,,,,
plectranthias,winniensis,,1.0,23,116,,,,,,,,,1.0,,,,,,,,,,,,
labidochromis,maculicauda,,,,,,,1.0,1.0,,,,,,,,,,,,,,,,,
ostracion,immaculatus,1.0,1.0,,,,,,,,,,,,,,,,,,,,,,,
alosa,pseudoharengus,,1.0,5,145,56,110,,1.0,,,,,,,,1.0,,,,,1.0,1.0,,,
mastacembelus,favus,1.0,,,,,,,1.0,,,,,,,,,,,,,,,,,
blenniella,periophthalmus,,1.0,0,3,,,,,,,,,1.0,,,,,,,,,,,,
noturus,albater,1.0,,,,,,,1.0,,,,,,,,,,,,,,,,,
echiostoma,barbatum,,1.0,30,4200,,,,,,,,,,,,,,,,,,,,1.0,
anematichthys,apogon,,,,,,,1.0,1.0,,,,,,,,,,,,,,,,,
gnathonemus,petersii,1.0,,,,,,,1.0,6.0,6.0,5.0,5.0,,,,,,,,,,,,,
paramormyrops,kingsleyae,,,,,,,1.0,1.0,,,,,,,,,,,,,,,,,
trichopsis,vittata,1.0,,,,,,,1.0,6.0,6.0,5.0,5.0,,,,,,,,,,,,,
anematichthys,armatus,,,,,,,1.0,1.0,,,,,,,,,,,,,,,,,
morone,saxatilis,1.0,1.0,30,?,,,,1.0,,,,,,,,1.0,,,,,,1.0,,,
xenocephalus,egregius,1.0,1.0,180,440,,,,,,,,,,,,,,,,,,,,,
taeniamia,biguttata,,1.0,0,33,0,15,,,,,,,1.0,,,,,,,,,,,,
diplectrum,formosum,,1.0,1,80,,,,,,,,,1.0,,,,,,,,,,,,
labeo,parvus,,,,,,,1.0,1.0,,,,,,,,,,1.0,,,,,,,
luxilus,coccogenis,,,,,,,,1.0,,,,,,1.0,,,,,,,,,,,
chilara,taylori,1.0,1.0,0,280,,,,,,,,,,,,1.0,,,,,,,,,
halichoeres,chloropterus,,1.0,0,10,,,,,,,,,1.0,,,,,,,,,,,,
coris,aygula,,1.0,2,30,2,30,,,,,,,1.0,,,,,,,,,,,,
hybognathus,amarus,1.0,,,,,,,1.0,,,,,,,,,,,,,,,,,
fundulus,escambiae,,,,,,,1.0,1.0,,,,,,,,,1.0,,,,,,,,
ericymba,buccata,,,,,,,1.0,1.0,,,,,,,,,,,,,,,,,
cirrhitichthys,falco,,1.0,4,46,10,20,,,,,,,1.0,,,,,,,,,,,,
scarus,altipinnis,,1.0,1,50,,,,,,,,,1.0,,,,,,,,,,,,
microspathodon,chrysurus,,1.0,0,120,0,10,,,,,,,1.0,,,,1.0,,,,,,,,
cottus,confusus,1.0,,,,,,,1.0,,,,,,,,,,,,,,,,,
omobranchus,punctatus,,1.0,,,,,1.0,,,,,,,,,1.0,,,,,,,,,
cheilinus,trilobatus,,1.0,1,30,,,,,,,,,1.0,,,1.0,,,,,,,,,
mylocheilus,caurinus,1.0,,,,,,,1.0,,,,,,,,1.0,,,,,,,,,
heteropriacanthus,fulgens,,1.0,,,,,,,,,,,1.0,,,,,,,,,,,,
epinephelus,fasciatus,,1.0,4,160,20,45,,,,,,,1.0,,,1.0,,,,,,,,,
erythrinus,kessleri,,,,,,,1.0,1.0,,,,,,,,,,,,,,,,,
ellochelon,vaigiensis,,1.0,0,5,,,,1.0,,,,,1.0,,,1.0,,,,,,,,,1.0
diplomystes,nahuelbutaensis,1.0,,,,,,,1.0,,,,,,,,,,,,,,,,,
crenidens,crenidens,1.0,1.0,,,,,,,,,,,,,,,,,,,,,,,
clinocottus,analis,1.0,1.0,0,18,,,,,,,,,,,,,1.0,,,,,,,,
plectrypops,lima,,1.0,5,40,,,,,,,,,1.0,,,,,,,,,,,,
astyanax,orthodus,,,,,,,1.0,1.0,,,,,,,,,,,,,,,,,
dermogenys,siamensis,,,0,?,,,,1.0,,,,,,1.0,,,,,,,,,,,
gnatholepis,anjerensis,,1.0,1,46,,,,,,,,,1.0,,,1.0,,,,,,,,,
ostorhinchus,nigrofasciatus,,1.0,3,50,,,,,,,,,1.0,,,,,,,,,,,,
betta,splendens,,,,,,,1.0,1.0,6.0,6.0,5.0,5.0,,,,,,,,,,,,,
notropis,nazas,,,,,,,1.0,1.0,,,,,,,,,,,,,,,,,
cephalopholis,hemistiktos,,1.0,4,55,15,20,,,,,,,1.0,,,,1.0,,,,,,,,
neobythites,marquesaensis,,1.0,420,450,,,,,,,,,,,,,,,1.0,,,,,,
ostichthys,japonicus,,1.0,20,270,,,,,,,,,1.0,,,,,,,,,,,,
synodus,binotatus,,1.0,1,88,1,10,,,,,,,1.0,,,,,,,,,,,,
ameiurus,natalis,1.0,,10,?,,,,1.0,,,,,,,,,,,,,,,,,
pterophyllum,altum,,,,,,,1.0,1.0,4.8,4.8,1.0,1.0,,,,,1.0,,,,,,,,
lophius,americanus,1.0,1.0,0,800,,,,,,,,,,,,,,,,1.0,,,,,
lobotes,surinamensis,,1.0,0,70,0,70,1.0,,,,,,,,,1.0,,,,1.0,,,,,
paracaesio,sordida,,1.0,5,200,?,100,,,,,,,1.0,,,,,,,,,,,,
lutjanus,griseus,,1.0,5,180,?,50,,1.0,,,,,1.0,,1.0,1.0,,,,,,,,,
apogon,caudicinctus,,1.0,0,40,,,,,,,,,1.0,,,,,,,,,,,,
scartella,cristata,,1.0,0,10,,,,,,,,,1.0,,,,,,,,,,,,
pectenocypris,balaena,1.0,,,,,,,1.0,,,,,,,,,,,,,,,,,
aztecula,sallaei,,,,,,,1.0,1.0,,,,,,,,,,,,,,,,,
neolissochilus,stracheyi,,,,,,,1.0,1.0,,,,,,,,,,,,,,,,,
neolissochilus,vittatus,,,,,,,1.0,1.0,,,,,,,,,,,,,,,,,
hydrocynus,forskahlii,,,,,,,,1.0,,,,,,1.0,,,,1.0,,,,,,,
priapella,bonita,,,,,,,1.0,1.0,,,,,,,,,1.0,,,,,,,,
pristiapogon,taeniopterus,,1.0,1,42,1,9,,,,,,,1.0,,,,,,,,,,,,
scarus,spinus,,1.0,0,30,2,15,,,,,,,1.0,,,,,,,,,,,,
trachinocephalus,myops,,1.0,0,400,3,90,,,,,,,1.0,,,,,,,,,,,,
upeneus,vittatus,,1.0,5,100,,,,,,,,,1.0,,,1.0,,,,,,,,,
mycteroperca,bonaci,,1.0,60,250,,,,,,,,,1.0,,,,,,,,,,,,
garra,waterloti,,,,,,,1.0,1.0,,,,,,,,,,,,,,,,,
mystus,vittatus,1.0,,,,,,,1.0,6.0,6.0,4.0,4.0,,,,1.0,,,,,,,,,
dentex,maroccanus,1.0,1.0,20,500,,,,,,,,,,,,,,,,,,,,,
zapogon,evermanni,,1.0,5,70,,,,,,,,,1.0,,,,,,,,,,,,
sarcocheilichthys,sinensis,,,,,,,1.0,1.0,7.0,7.0,20.0,20.0,,,,,,,,,,,,,
scarus,persicus,,1.0,1,25,,,1.0,,,,,,,,,,,,,,,,,,
plectranthias,nanus,,1.0,6,65,,,,,,,,,1.0,,,,,,,,,,,,
schizodon,fasciatus,,,,,,,1.0,1.0,5.5,5.5,25.0,25.0,,,,,,1.0,,,,,,,
xenolepidichthys,dalgleishi,,1.0,128,885,200,400,1.0,,,,,,,,,,,,,,,,,,
planiliza,macrolepis,1.0,1.0,10,?,,,,1.0,,,,,,,,1.0,,,,,,,,,1.0
diploprion,bifasciatum,,1.0,1,100,5,50,,,,,,,1.0,,,,,,,,,,,,
sunagocia,otaitensis,,1.0,1,40,,,,,,,,,1.0,,,,1.0,,,,,,,,
bothus,pantherinus,,1.0,3,150,,,,,,,,,1.0,,,,,,,,,,,,
hybognathus,placitus,1.0,,,,,,,1.0,,,,,,,,1.0,,,,,,,,,
pseudochromis,litus,,1.0,15,50,,,,,,,,,1.0,,,,,,,,,,,,
chlorurus,perspicillatus,,1.0,1,71,,,,,,,,,1.0,,,,,,,,,,,,
devario,laoensis,,,,,,,1.0,1.0,,,,,,,,,,,,,,,,,
etheostoma,camurum,,,,,,,1.0,1.0,,,,,,,,,,,,,,,,,
petrocephalus,bovei,1.0,,,,,,,1.0,,,,,,,,,,1.0,,,,,,,
fowleria,variegata,,1.0,0,27,,,,,,,,,1.0,,,,,,,,,,,,
aplochiton,taeniatus,,,,,,,1.0,1.0,,,,,,,,1.0,,,,,,,,,
noturus,furiosus,1.0,,,,,,,1.0,,,,,,,,,,,,,,,,,
pimephales,notatus,1.0,,,,,,,1.0,,,,,,,,,,,,,,,,,
pimelodella,macrocephala,1.0,,,,,,,1.0,,,,,,,,,,,,,,,,,
plectropomus,areolatus,,1.0,1,20,,,,,,,,,1.0,,,,,,,,,,,,
cyprinella,camura,,,,,,,1.0,1.0,,,,,,,,,,,,,,,,,
heterotilapia,buttikoferi,,,,,,,1.0,1.0,6.5,6.5,15.0,15.0,,,,,,,,,,,,,
epinephelus,cyanopodus,,1.0,2,150,,,,,,,,,1.0,,,,,,,,,,,,
catostomus,clarkii,1.0,,,,,,,1.0,,,,,,,,,,,,,,,,,
pelmatolapia,mariae,1.0,,,,,,,1.0,6.0,6.0,5.0,5.0,,,,1.0,,,,,,,,,
trichopodus,trichopterus,,,,,,,1.0,1.0,6.0,6.0,5.0,5.0,,,,,,1.0,,,,,,,
centropyge,loricula,,1.0,0,60,,,,,,,,,1.0,,,1.0,1.0,,,,,,,,
ostracion,cubicus,,1.0,1,280,1,50,,,,,,,1.0,,,,,,,,,,,,
dawkinsia,filamentosa,,,,,,,1.0,1.0,6.0,6.0,15.0,15.0,,,,1.0,,,,,,,,,
lagocephalus,lunaris,1.0,1.0,,,,,,,,,,,,,,1.0,,,,1.0,,,,,
chrosomus,eos,1.0,,,,,,,1.0,,,,,,,,,1.0,,,,,,,,
plectropomus,oligacanthus,,1.0,5,147,,,,,,,,,1.0,,,,1.0,,,,,,,,
cheilinus,fasciatus,,1.0,4,80,4,40,,,,,,,1.0,,,,,,,,,,,,
oxycheilinus,celebicus,,1.0,3,40,5,30,,,,,,,1.0,,,,,,,,,,,,
scarus,scaber,,1.0,1,20,,,,,,,,,1.0,,,,,,,,,,,,
thryssocypris,tonlesapensis,,,,,,,,1.0,,,,,,1.0,,1.0,,,,,,,,,
cobitis,sinensis,,,,,,,1.0,1.0,,,,,,,,,,,,,,,,,
epinephelus,hexagonatus,,1.0,0,30,6,?,,,,,,,1.0,,,,,,,,,,,,
jupiaba,maroniensis,,,,,,,,1.0,,,,,,1.0,,,,,,,,,,,
pseudobagrus,medianalis,,,,,,,1.0,1.0,,,,,,,,,,,,,,,,,
leptocypris,konkoureensis,,,,,,,1.0,1.0,,,,,,,,,,,,,,,,,
tylochromis,regani,,,,,,,1.0,1.0,,,,,,,,,,,,,,,,,
chrysiptera,biocellata,,1.0,0,5,,,,,,,,,1.0,,,,1.0,,,,,,,,
phenacogaster,megalostictus,,,,,,,1.0,1.0,,,12.0,12.0,,,,,,,,,,,,,
kyphosus,pacificus,,1.0,?,20,,,,,,,,,1.0,,,,,,,,,,,,
nematabramis,alestes,,,,,,,1.0,1.0,,,,,,,,,,,,,,,,,
gambusia,hurtadoi,,,,,,,1.0,1.0,7.5,7.5,10.0,10.0,,,,,1.0,,,,,,,,
neogobius,melanostomus,1.0,1.0,0,30,,,,1.0,,,,,,,1.0,1.0,,,,,,,,,
chaetostoma,dermorhynchum,1.0,,,,,,,1.0,,,,,,,,,,,,,,,,,
gerres,oyena,,1.0,0,20,,,,,,,,,1.0,,,1.0,,,,,,,,,
rhytiodus,lauzannei,,,,,,,1.0,1.0,,,,,,,,,,,,,,,,,
scarus,rubroviolaceus,,1.0,1,36,,,,,,,,,1.0,,,,,,,,,,,,
paracanthocobitis,maekhlongensis,1.0,,,,,,,1.0,,,,,,,,,,,,,,,,,
coelorinchus,sereti,,1.0,412,825,,,,,,,,,,,,,,,1.0,,,,,,
pteragogus,pelycus,1.0,1.0,,,,,,,,,,,,,,,,,,,,,,,
scolopsis,taenioptera,1.0,1.0,2,50,,,,,,,,,,,,,,,,,,,,,
chiloglanis,kabaensis,,,,,,,1.0,1.0,,,,,,,,,,,,,,,,,
repomucenus,sagitta,1.0,1.0,,,,,,,,,,,,,,1.0,,,,,,,,,
halichoeres,melanochir,,1.0,5,25,,,,,,,,,1.0,,,,,,,,,,,,
paraplagusia,bilineata,1.0,1.0,1,25,,,,,,,,,,,,1.0,,,,,,,,,
gephyrocharax,atracaudatus,,,,,,,1.0,1.0,,,,,,,,,,,,,,,,,
esox,niger,1.0,,?,6,,,,1.0,22.0,22.0,,,,,,,1.0,,,,,,,,
hemichromis,bimaculatus,,,,,,,1.0,1.0,6.5,6.5,4.0,4.0,,,,1.0,,1.0,,,,,,,
synodontis,batesii,,,,,,,1.0,1.0,,,,,,,,,,,,,,,,,
scarus,psittacus,,1.0,2,25,,,,,,,,,1.0,,,,,,,,,,,,
pachypanchax,playfairii,1.0,,,,,,,1.0,6.0,6.0,5.0,5.0,,,,1.0,1.0,,,,,,,,
lutjanus,synagris,,1.0,10,400,21,70,,,,,,,1.0,,,,,,,,,,,,
bathygobius,fuscus,,1.0,0,6,,,,1.0,,,,,1.0,,1.0,1.0,,,,,,,,,
labeotropheus,trewavasae,,,?,15,,,1.0,1.0,8.0,8.0,5.0,5.0,,,,,,,,,,,,,
epinephelus,amblycephalus,,1.0,40,130,,,,,,,,,1.0,,,,,,,,,,,,
clarias,brachysoma,1.0,,,,,,,1.0,,,,,,,,,,,,,,,,,
cyprinella,gibbsi,,,,,,,1.0,1.0,,,,,,,,,,,,,,,,,
abudefduf,vaigiensis,,1.0,0,15,,,,,,,,,1.0,,,,,,,1.0,,,,,
plagiotremus,tapeinosoma,,1.0,0,45,,,,,,,,,1.0,,,,,,,,,,,,
bryconamericus,stramineus,,,,,,,1.0,1.0,5.5,5.5,10.0,10.0,,,,,,,,,,,,,
ctenochaetus,flavicauda,,1.0,1,30,,,,,,,,,1.0,,,,,,,,,,,,
scorpaenodes,hirsutus,,1.0,8,54,,,,,,,,,1.0,,,,,,,,,,,,
pimelodella,elongata,1.0,,,,,,,1.0,,,,,,,,,,,,,,,,,
abudefduf,sordidus,,1.0,0,3,,,,,,,,,1.0,,,1.0,1.0,,,,,,,,
lactoria,fornasini,,1.0,5,132,6,30,,,,,,,1.0,,,,,,,,,,,,
syncrossus,beauforti,1.0,,,,,,,1.0,6.0,6.0,5.0,5.0,,,,,,,,,,,,,
chlorurus,sordidus,,1.0,0,50,,,,,,,,,1.0,,,1.0,,,,1.0,,,,,
canthigaster,amboinensis,,1.0,1,16,,,,,,,,,1.0,,,,,,,,,,,,
ictalurus,punctatus,1.0,,0,15,,,,1.0,6.0,6.0,4.0,4.0,,,,,,,,,,,,,
choridactylus,lineatus,1.0,1.0,?,42,,,,,,,,,,,,,,,,,,,,,
aporops,bilinearis,,1.0,1,15,,,,,,,,,1.0,,,,,,,,,,,,
carasobarbus,harterti,,,,,,,1.0,1.0,,,,,,,,,,,,,,,,,
rhinichthys,cataractae,1.0,,,,,,,1.0,7.0,7.0,10.0,10.0,,,,,,,,,,,,,
nannocharax,lineomaculatus,,,,,,,,1.0,,,,,,1.0,,,,,,,,,,,
cryptocentrus,cinctus,,1.0,1,25,10,25,,,,,,,1.0,,,,,,,,,,,,
labrus,bergylta,,1.0,1,50,2,30,,,,,,,1.0,,,,,,,,,,,,
lythrurus,fumeus,,,,,,,1.0,1.0,,,,,,,,,,,,,,,,,
bodianus,loxozonus,,1.0,3,100,3,40,,,,,,,1.0,,,,,,,,,,,,
myripristis,murdjan,,1.0,1,50,,,,,,,,,1.0,,,,,,,,,,,,
saurida,gracilis,,1.0,0,135,1,12,,,,,,,1.0,,,,,,,,,,,,
acipenser,fulvescens,1.0,,5,9,,,,1.0,,,,,,,,1.0,,1.0,,,,,,,
dussumieria,acuta,,1.0,10,20,,,,1.0,,,,,,,,1.0,,,,,1.0,,,,
mylopharodon,conocephalus,1.0,,,,,,,1.0,,,,,,,,,,,,,,,,,
notopterus,notopterus,1.0,,,,,,,1.0,6.0,6.0,3.0,3.0,,,,1.0,,1.0,,,,,,,
moenkhausia,moisae,,,,,,,1.0,1.0,,,,,,,,,,,,,,,,,
choerodon,robustus,,1.0,40,80,,,,,,,,,1.0,,,,,,,,,,,,
labidesthes,sicculus,,,,,,,,1.0,,,,,,1.0,,,,,,,,,,,
scorpaenopsis,possi,1.0,1.0,2,55,,,,,,,,,,,,,,,,,,,,,
hyphessobrycon,bentosi,,,,,,,1.0,1.0,5.8,5.8,5.0,5.0,,,,,,,,,,,,,
girardinus,falcatus,1.0,,,,,,,1.0,,,,,,,,,1.0,,,,,,,,
oreochromis,aureus,,,5,?,,,1.0,1.0,,,,,,,,1.0,,1.0,,,,,,,
opistognathus,brochus,1.0,1.0,20,82,,,,,,,,,,,,,,,,,,,,,
gymnothorax,kidako,,1.0,2,350,,,,,,,,,1.0,,,,,,,,,,,,
scorpaenodes,parvipinnis,,1.0,3,49,,,,,,,,,1.0,,,,,,,,,,,,
balistapus,undulatus,,1.0,0,60,,,,,,,,,1.0,,,,,,,,,,,,
fusigobius,duospilus,,1.0,1,46,,,,,,,,,1.0,,,,,,,,,,,,
engraulicypris,spinifer,,,,,,,1.0,1.0,6.5,6.5,12.0,12.0,,,,,,,,,,,,,
foetorepus,agassizii,,1.0,48,700,250,?,,,,,,,,,,,,,1.0,,,,,,
enteromius,macinensis,,,,,,,1.0,1.0,,,,,,,,,,1.0,,,,,,,
alestopetersius,brichardi,,,,,,,,1.0,,,,,,1.0,,,,,,,,,,,
sardinella,albella,,1.0,0,50,,,,,,,,,,,,1.0,,,,,1.0,,,,
lepisosteus,platyrhincus,1.0,,,,,,,1.0,,,,,,,,,,,,,,,,,
pseudotriacanthus,strigilifer,1.0,1.0,2,110,,,,,,,,,,,,1.0,,,,,,,,,
labeobarbus,natalensis,,,,,,,1.0,1.0,,,,,,,,,,1.0,,,,,,,
platycephalus,indicus,,1.0,20,200,,,,,,,,,1.0,,,1.0,,,,1.0,,,,,
notropis,amoenus,,,,,,,1.0,1.0,,,,,,,,,,,,,,,,,
zebrasoma,velifer,,1.0,0,45,2,30,,,,,,,1.0,,,,,,,,,,,,
parascombrops,madagascariensis,,1.0,73,350,,,,,,,,,,,,,,,1.0,,,,,,
scarus,tricolor,,1.0,2,25,,,,,,,,,1.0,,,,,,,,,,,,
halichoeres,radiatus,,1.0,2,55,5,45,,,,,,,1.0,,,1.0,,,,,,,,,
entomacrodus,decussatus,,1.0,0,3,,,,,,,,,1.0,,,,,,,,,,,,
rastrelliger,kanagurta,,1.0,20,90,,,,,,,,,,,,,,,,1.0,1.0,,,,
halichoeres,argus,,1.0,1,15,,,,,,,,,1.0,,,,,,,,,,,,
noturus,insignis,1.0,,,,,,,1.0,,,,,,,,,,,,,,,,,
acnodon,senai,,,,,,,1.0,1.0,,,,,,,,,,,,,,,,,
cyclothone,signata,,1.0,16,4938,100,800,,,,,,,,,,,,,,,,,,1.0,
pterygoplichthys,pardalis,1.0,,,,,,,1.0,7.0,7.0,10.0,10.0,,,,,,,,,,,,,
nomeus,gronovii,1.0,1.0,200,1000,,,,,,,,,,,,,,,,,,,,,
sternoptyx,diaphana,,1.0,400,3676,500,800,,,,,,,,,,,,,,1.0,,,,1.0,
notropis,braytoni,,,,,,,1.0,1.0,,,,,,,,,,,,,,,,,
pampus,argenteus,,1.0,5,110,,,1.0,,,,,,,,,,,,,1.0,,,,,
gambusia,holbrooki,,,,,,,1.0,1.0,6.0,6.0,40.0,40.0,,,,1.0,,1.0,,,,,,,
notropis,oxyrhynchus,,,,,,,1.0,1.0,,,,,,,,,,,,,,,,,
haplochromis,mylodon,,,,,,,1.0,1.0,,,,,,,,,,,,,,,,,
cottus,hypselurus,1.0,,,,,,,1.0,,,,,,,,,,,,,,,,,
haplochromis,maculipinna,,,3,9,,,1.0,1.0,,,,,,,,,,,,,,,,,
choerodon,anchorago,,1.0,1,25,,,,,,,,,1.0,,,,,,,,,,,,
synodus,indicus,,1.0,20,100,,,,,,,,,1.0,,,,,,,,,,,,
xenisthmus,polyzonatus,,1.0,9,24,,,,,,,,,1.0,,,,,,,,,,,,
sphyraena,obtusata,,1.0,5,200,?,15,,,,,,,1.0,,,1.0,,,,,,,,,
parupeneus,ciliatus,,1.0,2,91,2,40,,,,,,,1.0,,,,,,,,,,,,
ostorhinchus,doederleini,,1.0,0,10,,,,,,,,,1.0,,,,,,,,,,,,
catostomus,utawana,1.0,,,,,,,1.0,,,,,,,,,,,,,,,,,
synodus,ulae,1.0,1.0,1,121,,,,,,,,,,,,,,,,,,,,,
hybopsis,rubrifrons,,,,,,,1.0,1.0,,,,,,,,,,,,,,,,,
agonostomus,monticola,,1.0,,,,,,1.0,,,,,,,,1.0,,,,,1.0,,,,1.0
astroblepus,simonsii,1.0,,,,,,,1.0,,,,,,,,,,,,,,,,,
thryssa,chefuensis,,1.0,1,33,,,,,,,,,,,,,,,,,1.0,,,,
leiocassis,hosii,1.0,,,,,,,1.0,,,,,,,,,,,,,,,,,
hexagrammos,otakii,1.0,1.0,4,155,,,,,,,,,,,,,,,,1.0,,,,,
siganus,canaliculatus,,1.0,1,50,,,,,,,,,1.0,,,1.0,,,,1.0,,,,,
maylandia,pulpican,,,,,,,1.0,1.0,,,,,,,,,,,,,,,,,
haplochromis,beadlei,,,,,,,1.0,1.0,,,,,,,,,,,,,,,,,
sparisoma,choati,,1.0,2,30,,,,,,,,,1.0,,,,,,,,,,,,
lobocheilos,cornutus,,,,,,,1.0,1.0,,,,,,,,,,,,,,,,,
marcusenius,meronai,1.0,,,,,,,1.0,,,,,,,,,,,,,,,,,
parablennius,opercularis,1.0,1.0,1,12,,,,,,,,,,,,,,,,,,,,,
anampses,caeruleopunctatus,,1.0,3,30,,,,,,,,,1.0,,,,,,,,,,,,
laemolyta,garmani,,,,,,,1.0,1.0,,,,,,,,,,,,,,,,,
lates,niloticus,1.0,,10,60,,,,1.0,,,,,,,,,,1.0,,,,,,,
apeltes,quadracus,,1.0,0,3,,,1.0,1.0,,,,,,,,1.0,,,,,,,,,
hybopsis,amblops,,,,,,,1.0,1.0,,,,,,,,,,,,,,,,,
noturus,eleutherus,1.0,,,,,,,1.0,,,,,,,,,,,,,,,,,
neolebias,powelli,,,,,,,,1.0,,,,,,1.0,,,,,,,,,,,
epinephelus,polyphekadion,,1.0,0,50,,,,,,,,,1.0,,,,,,,1.0,,,,,
notropis,greenei,,,,,,,1.0,1.0,,,,,,,,,,,,,,,,,
dionda,serena,,,,,,,,1.0,,,,,,1.0,,,,,,,,,,,
apistogramma,linkei,,,,,,,1.0,1.0,,,,,,,,,,,,,,,,,
hippocampus,guttulatus,1.0,1.0,0,30,,,,,,,,,,,,1.0,1.0,,,,,,,,
acanthopagrus,bifasciatus,,1.0,2,20,,,,,,,,,1.0,,,1.0,,,,,,,,,
cephalopholis,polleni,,1.0,10,120,25,120,,,,,,,1.0,,,,1.0,,,,,,,,
pellonula,leonensis,,1.0,,,,,,1.0,,,,,,1.0,,1.0,,,,,,1.0,,,
lepomis,marginatus,1.0,,,,,,,1.0,,,,,,,,,,,,,,,,,
gibbonsia,elegans,1.0,1.0,?,56,?,20,,,,,,,,,,,,,,,,,,,
hemichromis,letourneuxi,,,,,,,1.0,1.0,6.0,6.0,5.0,5.0,,,,1.0,,,,,,,,,
auchenipterichthys,coracoideus,1.0,,,,,,,1.0,,,,,,,,,,,,,,,,,
bathygobius,cyclopterus,,1.0,0,20,,,,,,,,,1.0,,,1.0,,,,,,,,,
notropis,maculatus,,,,,,,1.0,1.0,,,,,,,,,,,,,,,,,
geophagus,proximus,,,,,,,1.0,1.0,,,,,,,,,,,,,,,,,
setipinna,taty,,1.0,0,50,,,,,,,,,,,,1.0,,,,1.0,1.0,,,,
ostorhinchus,cookii,,1.0,1,10,,,,,,,,,1.0,,,,,,,,,,,,
gambusia,puncticulata,,,,,,,1.0,1.0,,,,,,,,1.0,1.0,,,,,,,,
pseudochromis,fuscus,,1.0,2,30,3,25,,,,,,,1.0,,,,,,,,,,,,
antennatus,coccineus,,1.0,10,75,?,30,,,,,,,1.0,,,,,,,,,,,,
periophthalmodon,schlosseri,1.0,1.0,0,2,,,,1.0,,,,,,,1.0,1.0,,,,,,,,,
pseudohomaloptera,sexmaculata,1.0,,,,,,,1.0,,,,,,,,,,,,,,,,,
cypselurus,hexazona,,1.0,0,20,,,,,,,,,,,,,,,,1.0,1.0,,,,
chaetostoma,marginatum,1.0,,,,,,,1.0,,,,,,,,,,,,,,,,,
amphiprion,biaculeatus,,1.0,1,16,,,,,,,,,1.0,,,,1.0,,,,,,,,
ocyurus,chrysurus,,1.0,0,180,10,70,,,,,,,1.0,,,,,,,,,,,,
paracaesio,xanthura,,1.0,5,250,,,,,,,,,1.0,,,,,,,,,,,,
rhinichthys,evermanni,1.0,,,,,,,1.0,,,,,,,,,,,,,,,,,
dunckerocampus,multiannulatus,,1.0,3,45,,,,,,,,,1.0,,,,,,,,,,,,
halichoeres,bleekeri,1.0,1.0,,,,,,,,,,,,,,,,,,,,,,,
medialuna,californiensis,1.0,1.0,0,40,,,,,,,,,,,,,,,,,,,,,
gambusia,nicaraguensis,,,,,,,1.0,1.0,,,,,,,,1.0,,,,,,,,,
antennarius,commerson,,1.0,0,70,?,20,,,,,,,1.0,,,,,,,,,,,,
rasbora,trilineata,,,,,,,1.0,1.0,6.0,6.0,5.0,5.0,,,,,,,,,,,,,
istigobius,nigroocellatus,1.0,1.0,2,10,,,,,,,,,,,,,,,,,,,,,
centropomus,pectinatus,,1.0,,,,,1.0,1.0,,,,,,,,1.0,,,,,,,,,
lactoria,cornuta,,1.0,1,100,1,50,,,,,,,1.0,,,1.0,1.0,,,,,,,,
neoheterandria,cana,,,,,,,,1.0,,,,,,1.0,,,,,,,,,,,
microschemobrycon,casiquiare,,,,,,,1.0,1.0,,,,,,,,,,,,,,,,,
pholis,gunnellus,1.0,1.0,0,100,0,30,,,,,,,,,,1.0,1.0,,,,,,,,
rhinichthys,falcatus,1.0,,,,,,,1.0,,,,,,,,,,,,,,,,,
spicara,smaris,,1.0,15,328,,,,,,,,,,,,,,,,,1.0,,,,
chiloglanis,niloticus,,,,,,,1.0,1.0,,,,,,,,,,,,,,,,,
haplochromis,prognathus,,,?,6,,,1.0,1.0,,,,,,,,,,,,,,,,,
epinephelus,coeruleopunctatus,,1.0,2,65,,,,,,,,,1.0,,,,,,,,,,,,
bathygobius,soporator,1.0,1.0,0,16,,,,1.0,,,,,,,,1.0,1.0,,,,,,,,
noturus,phaeus,1.0,,,,,,,1.0,,,,,,,,,,,,,,,,,
jupiaba,keithi,,,,,,,1.0,1.0,,,,,,,,,,,,,,,,,
pomatoschistus,flavescens,,1.0,0,5,,,,,,,,,1.0,,,1.0,1.0,,,,,,,,
rasbora,borapetensis,,,,,,,1.0,1.0,6.5,6.5,12.0,12.0,,,,,,,,,,,,,
rhinichthys,osculus,1.0,,,,,,,1.0,6.8,6.8,5.0,5.0,,,,,,,,,,,,,
macropodus,opercularis,,,,,,,,1.0,6.0,6.0,5.0,5.0,,1.0,,1.0,,,,,,,,,
helcogramma,fuscopinna,,1.0,0,10,,,,,,,,,1.0,,,,,,,,,,,,
acestrocephalus,anomalus,,,,,,,1.0,1.0,,,,,,,,,,,,,,,,,
labeobarbus,wittei,,,,,,,1.0,1.0,,,,,,,,,,,,,,,,,
dentex,angolensis,1.0,1.0,15,300,,,,,,,,,,,,,,,,,,,,,
pimelodella,chagresi,1.0,,,,,,,1.0,,,,,,,,,,,,,,,,,
monocentris,japonicus,,1.0,1,300,,,,,,,,,1.0,,,,,,,,,,,,
catostomus,commersonii,1.0,,,,?,30,,1.0,,,,,,,,1.0,,,,,,,,,
stomatorhinus,ivindoensis,1.0,,,,,,,1.0,,,,,,,,,,,,,,,,,
sphyraena,barracuda,,1.0,0,100,3,30,,,,,,,1.0,,,1.0,,,,,,,,,
enneapterygius,etheostomus,1.0,1.0,0,21,,,,,,,,,,,,,,,,,,,,,
priolepis,aureoviridis,,1.0,6,20,,,,,,,,,1.0,,,,1.0,,,,,,,,
cyprinella,galactura,,,,,,,1.0,1.0,,,,,,,,,,,,,,,,,
notropis,chiliticus,,,,,,,1.0,1.0,,,,,,,,,,,,,,,,,
lepisosteus,osseus,1.0,,0,?,0,?,,1.0,7.0,7.0,10.0,10.0,,,,1.0,,,,,,,,,
labeobarbus,mungoensis,,,,,,,1.0,1.0,,,,,,,,,,,,,,,,,
galaxias,maculatus,,1.0,,,,,1.0,1.0,,,,,,,,1.0,,,,,,,,,1.0
pangio,anguillaris,1.0,,,,,,,1.0,5.0,5.0,5.0,5.0,,,,,,,,,,,,,
lutjanus,russellii,,1.0,3,80,20,50,,,,,,,1.0,,,1.0,,,,,,,,,
paretroplus,maculatus,1.0,,,,,,,1.0,,,,,,,,,,,,,,,,,
parupeneus,multifasciatus,,1.0,0,161,,,,,,,,,1.0,,,,,,,,,,,,
seriola,lalandi,,1.0,3,825,,,1.0,,,,,,,,,1.0,,,,,,,,,
xanthichthys,caeruleolineatus,,1.0,15,200,50,200,,,,,,,1.0,,,,,,,,,,,,
chiloglanis,benuensis,,,,,,,1.0,1.0,,,,,,,,,,,,,,,,,
chaetostoma,microps,1.0,,,,,,,1.0,,,,,,,,,,,,,,,,,
neohomaloptera,johorensis,1.0,,,,,,,1.0,,,,,,,,,,,,,,,,,
priacanthus,hamrur,,1.0,0,250,,,,,,,,,1.0,,,,,,,,,,,,
micropterus,salmoides,,,0,6,,,1.0,1.0,7.0,7.0,10.0,10.0,,,,,,,,,,,,,
pontinus,rhodochrous,,1.0,223,369,,,1.0,,,,,,,,,,,,,,,,,,
pseudobalistes,flavimarginatus,,1.0,2,80,,,,,,,,,1.0,,,1.0,,,,,,,,,
astroblepus,vaillanti,1.0,,,,,,,1.0,,,,,,,,,,,,,,,,,
tuberoschistura,baenzigeri,1.0,,0,2,,,,1.0,,,,,,,,,,,,,,,,,
squalidus,chankaensis,,,?,10,,,1.0,1.0,7.0,7.0,15.0,15.0,,,,,,,,,,,,,
evorthodus,lyricus,1.0,1.0,,,,,,1.0,,,,,,,1.0,1.0,,,,,,,,,
istiblennius,colei,1.0,1.0,?,2,,,,,,,,,,,,,,,,,,,,,
notropis,percobromus,,,,,,,1.0,1.0,,,,,,,,,,,,,,,,,
vieja,melanura,,,,,,,1.0,1.0,7.0,7.0,9.0,9.0,,,,1.0,,,,,,,,,
pagellus,bellottii,1.0,1.0,100,250,10,50,,,,,,,,,,,,,,,,,,,
centropyge,fisheri,,1.0,10,95,24,?,,,,,,,1.0,,,,1.0,,,,,,,,
acrocheilus,alutaceus,1.0,,,,,,,1.0,,,,,,,,,,,,,,,,,
oreochromis,niloticus,,,0,20,?,20,1.0,1.0,,,,,,,,1.0,,1.0,,,,,,,
amblyeleotris,periophthalma,,1.0,5,35,10,20,,,,,,,1.0,,,,,,,,,,,,
pomacanthus,arcuatus,,1.0,2,60,,,,,,,,,1.0,,,,1.0,,,,,,,,
iniistius,twistii,1.0,1.0,10,20,,,,,,,,,,,,,,,,,,,,,
syngnathoides,biaculeatus,,1.0,0,10,,,,,,,,,1.0,,,,1.0,,,,,,,,
moenkhausia,lepidura,,,,,,,1.0,1.0,5.5,5.5,30.0,30.0,,,,,,,,,,,,,
haplochromis,nigrescens,,,,,,,1.0,1.0,,,,,,,,,,,,,,,,,
cetoscarus,bicolor,,1.0,1,30,,,,,,,,,1.0,,,,,,,,,,,,
opsarius,koratensis,,,,,,,1.0,1.0,,,,,,,,,,,,,,,,,
notropis,wickliffi,,,,,,,1.0,1.0,,,,,,,,,,,,,,,,,
synodus,doaki,,1.0,9,260,,,,,,,,,1.0,,,,,,,,,,,,
cirripectes,quagga,,1.0,0,19,0,10,,,,,,,1.0,,,,,,,,,,,,
ostorhinchus,novemfasciatus,,1.0,1,4,,,,,,,,,1.0,,,,,,,,,,,,
bolbometopon,muricatum,,1.0,0,40,,,,,,,,,1.0,,,,,,,,,,,,
epinephelus,coioides,,1.0,1,100,,,,,,,,,1.0,,,1.0,,,,,,,,,
labeo,coubie,,,,,,,1.0,1.0,,,,,,,,,,1.0,,,,,,,
thryssa,hamiltonii,,1.0,10,13,,,,1.0,,,,,,,1.0,1.0,,,,,1.0,,,,
dascyllus,reticulatus,,1.0,1,50,,,,,,,,,1.0,,,,1.0,,,,,,,,
erimyzon,oblongus,1.0,,,,,,,1.0,,,,,,,,,,,,,,,,,
calotomus,viridescens,,1.0,1,30,,,,,,,,,1.0,,,,,,,,,,,,
barbodes,rhombeus,,,,,,,1.0,1.0,,,,,,,,,,,,,,,,,
scardinius,erythrophthalmus,,,0,?,,,1.0,1.0,7.0,7.0,10.0,10.0,,,,1.0,,1.0,,,,,,,
cobitis,stephanidisi,,,,,,,1.0,1.0,,,,,,,,,,,,,,,,,
arothron,nigropunctatus,,1.0,0,60,,,,,,,,,1.0,,,,,,,,,,,,
uraspis,secunda,,1.0,1,50,2,15,,,,,,,,,,,,,,1.0,,,1.0,,
lentipes,mekonggaensis,1.0,,,,,,,1.0,,,,,,,,,,,,,,,,,
lutjanus,argentimaculatus,,1.0,1,120,,,,1.0,,,,,1.0,,,1.0,,,,1.0,,,,,
citharichthys,spilopterus,1.0,1.0,0,75,,,,1.0,,,,,,,,1.0,,,,,,,,,
haemulon,macrostomum,,1.0,5,25,,,,,,,,,1.0,,,,,,,,,,,,
brycon,oligolepis,,,,,,,1.0,1.0,,,,,,,,,,,,,,,,,
otocinclus,affinis,1.0,,,,,,,1.0,6.0,6.0,5.0,5.0,,,,,,,,,,,,,
pomadasys,maculatus,,1.0,20,110,,,,,,,,,1.0,,1.0,1.0,,,,,,,,,
praealticus,striatus,1.0,1.0,,,,,,,,,,,,,,,,,,,,,,,
schistura,mahnerti,,,,,,,1.0,1.0,,,,,,,,,,,,,,,,,
auriglobus,nefastus,1.0,,,,,,,1.0,,,,,,,,,,,,,,,,,
cephalopholis,spiloparaea,,1.0,0,110,30,108,,,,,,,1.0,,,,1.0,,,,,,,,
eretmodus,cyanostictus,,,,,,,1.0,1.0,8.0,8.0,9.0,9.0,,,,,,,,,,,,,
kurtus,gulliveri,,,,,,,1.0,1.0,,,,,,,,1.0,,,,,,,,,
notropis,procne,,,,,,,1.0,1.0,,,,,,,,,,,,,,,,,
thryssa,setirostris,,1.0,1,20,,,,,,,,,,,,1.0,,,,,1.0,,,,
istiblennius,meleagris,,1.0,,,,,,,,,,,1.0,,,1.0,,,,,,,,,
canthigaster,pygmaea,,1.0,2,30,,,,,,,,,1.0,,,,,,,,,,,,
amblycirrhitus,bimacula,,1.0,0,20,2,15,,,,,,,1.0,,,,1.0,,,,,,,,
plectroglyphidodon,fasciolatus,,1.0,0,30,1,5,,,,,,,1.0,,,,1.0,,,,,,,,
rasbora,aurotaenia,,,,,,,1.0,1.0,,,,,,,,,,,,,,,,,
eubleekeria,splendens,1.0,1.0,10,100,,,,,,,,,,,1.0,1.0,,,,,,,,,
gobiodon,reticulatus,,1.0,,,,,,,,,,,1.0,,,,,,,,,,,,
haplochromis,mandibularis,,,6,8,,,1.0,1.0,,,,,,,,,,,,,,,,,
romanogobio,kesslerii,,,,,,,1.0,1.0,,,,,,,,,,,,,,,,,
oxycheilinus,bimaculatus,,1.0,2,120,,,,,,,,,1.0,,,,,,,,,,,,
samaris,chesterfieldensis,,1.0,169,225,,,,,,,,,,,,,,,,,1.0,,,,
amblyeleotris,gymnocephala,,1.0,5,35,,,,,,,,,1.0,,1.0,1.0,,,,,,,,,
scorpaenopsis,cotticeps,1.0,1.0,15,70,,,,,,,,,,,,,,,,,,,,,
carpiodes,cyprinus,1.0,,,,,,,1.0,,,,,,,,,,,,,,,,,
poropuntius,normani,,,,,,,1.0,1.0,,,,,,,,,,,,,,,,,
cichla,ocellaris,,,5,?,,,1.0,1.0,,,,,,,,1.0,,,,,,,,,
pogonichthys,macrolepidotus,,,,,,,1.0,1.0,,,,,,,,1.0,,,,,,,,,
ostorhinchus,sealei,,1.0,3,25,,,,,,,,,1.0,,,,,,,,,,,,
gila,pulchra,,,,,,,1.0,1.0,,,,,,,,,,,,,,,,,
jupiaba,meunieri,,,,,,,,1.0,,,,,,1.0,,,,,,,,,,,
raiamas,steindachneri,1.0,,,,,,,1.0,,,,,,,,,,,,,,,,,
katsuwonus,pelamis,,1.0,0,260,0,?,,,,,,,,,,,,,,1.0,,,1.0,,
poeciliopsis,latidens,,1.0,,,,,,1.0,8.0,8.0,2.29999995231628,2.29999995231628,,,,1.0,,,,,1.0,,,,
thryssa,baelama,,1.0,0,50,,,,,,,,,,,,1.0,,,,,1.0,,,,
stolephorus,chinensis,,1.0,0,50,,,,,,,,,,,,,,,,,1.0,,,,
labeobarbus,varicostoma,,,,,,,1.0,1.0,,,,,,,,,,,,,,,,,
labeobarbus,brevispinis,,,,,,,1.0,1.0,,,,,,,,,,,,,,,,,
sternarchogiton,porcinum,,,,,,,1.0,1.0,,,,,,,,,,,,,,,,,
notropis,stramineus,,,,,,,1.0,1.0,,,,,,,,,,,,,,,,,
scarus,russelii,,1.0,6,15,,,,,,,,,1.0,,,,,,,,,,,,
callochromis,pleurospilus,,,,,,,1.0,1.0,7.0,7.0,10.0,10.0,,,,,,,,,,,,,
chlidichthys,inornatus,,1.0,,,,,,,,,,,1.0,,,,,,,,,,,,
laubuca,caeruleostigmata,,,,,,,,1.0,6.5,6.5,5.0,5.0,,1.0,,,,,,,,,,,
epinephelus,radiatus,1.0,1.0,18,383,,,,,,,,,,,,,,,,,,,,,
pseudolabrus,japonicus,,1.0,,,,,,,,,,,1.0,,,,,,,,,,,,
acanthurus,triostegus,,1.0,0,90,0,90,,,,,,,1.0,,,,,,,,,,,,
puntigrus,tetrazona,,,,,,,1.0,1.0,6.0,6.0,5.0,5.0,,,,,,,,,,,,,
pseudohomaloptera,leonardi,1.0,,,,,,,1.0,,,,,,,,,,,,,,,,,
scarus,chameleon,,1.0,3,30,,,,,,,,,1.0,,,,,,,,,,,,
jaydia,erythrophthalma,,1.0,115,469,,,,,,,,,1.0,,,,,,,,,,,,
gila,nigrescens,,,,,,,1.0,1.0,,,,,,,,,,,,,,,,,
epinephelus,epistictus,1.0,1.0,90,800,,,,,,,,,,,,,,,,,,,,,
apogon,coccineus,,1.0,8,35,,,,,,,,,1.0,,,,,,,,,,,,
hyporthodus,flavolimbatus,1.0,1.0,90,360,,,,,,,,,,,,,,,,,,,,,
rhabdolichops,jegui,,,,,,,1.0,1.0,,,,,,,,,,,,,,,,,
gonostoma,atlanticum,,1.0,50,1352,,,,,,,,,,,,,,,,,,,,1.0,
mylesinus,paraschomburgkii,,,,,,,1.0,1.0,,,,,,,,,,,,,,,,,
lepomis,peltastes,,,,,,,1.0,1.0,,,,,,,,,,,,,,,,,
oreochromis,squamipinnis,,,,,,,1.0,1.0,,,,,,,,,,,,,,,,,
trachinotus,baillonii,,1.0,0,3,,,,,,,,,1.0,,,1.0,,,,,,,,,
exallias,brevis,,1.0,3,20,3,8,,,,,,,1.0,,,,,,,,,,,,
plectropomus,leopardus,,1.0,3,100,,,,,,,,,1.0,,,,,,,,,,,,
pseudorhombus,arsius,1.0,1.0,0,200,,,,,,,,,,,,1.0,,,,1.0,,,,,
thysanophrys,celebica,1.0,1.0,10,45,,,,,,,,,,,,,1.0,,,,,,,,
coptodon,rheophila,,,,,,,1.0,1.0,,,,,,,,,,,,,,,,,
nemacheilus,pallidus,,,,,,,1.0,1.0,,,,,,,,,,,,,,,,,
cymolutes,praetextatus,,1.0,2,10,,,,,,,,,1.0,,,,,,,,,,,,
ostorhinchus,cyanosoma,,1.0,1,50,1,15,,,,,,,1.0,,,,,,,,,,,,
stethojulis,strigiventer,,1.0,2,15,,,,,,,,,1.0,,,,,,,,,,,,
serranus,cabrilla,1.0,1.0,5,500,,,,,,,,,,,,,,,,,,,,,
bathygobius,cocosensis,,1.0,0,10,0,2,,,,,,,1.0,,,1.0,,,,,,,,,
scoliodon,laticaudus,1.0,1.0,10,13,,,,,,,,,,,1.0,1.0,,,,,,,,,
hemibarbus,maculatus,,,,,,,1.0,1.0,7.0,7.0,20.0,20.0,,,,,,,,,,,,,
amblygobius,phalaena,,1.0,?,52,2,20,,,,,,,1.0,,,,,,,,,,,,
rhinogobius,mekongianus,,,,,,,1.0,1.0,,,,,,,,,,,,,,,,,
abbottina,rivularis,,,,,,,1.0,1.0,,,,,,,,1.0,,,,,,,,,
kichulchoia,brevifasciata,1.0,,,,,,,1.0,,,,,,,,,,,,,,,,,
phenacobius,uranops,1.0,,,,,,,1.0,,,,,,,,,,,,,,,,,
anchoa,spinifer,,1.0,1,55,5,30,,1.0,,,,,,,,1.0,,,,,1.0,,,,
ostorhinchus,hartzfeldii,,1.0,1,28,1,12,,,,,,,1.0,,,,,,,,,,,,
ostorhinchus,compressus,,1.0,2,20,,,,,,,,,1.0,,,,,,,,,,,,
acanthurus,bahianus,,1.0,2,80,,,,,,,,,1.0,,,,,,,,,,,,
phenacobius,mirabilis,1.0,,,,,,,1.0,6.5,6.5,5.0,5.0,,,,,,,,,,,,,
pomacanthus,paru,,1.0,3,100,,,,,,,,,1.0,,,,1.0,,,,,,,,
lepomis,miniatus,1.0,,,,,,,1.0,,,,,,,,,,,,,,,,,
enteromius,inaequalis,,,,,,,1.0,1.0,,,,,,,,,,,,,,,,,
psammogobius,biocellatus,,1.0,0,3,,,1.0,1.0,,,,,,,1.0,1.0,,,,,,,,,
puntioplites,proctozystron,,,,,,,1.0,1.0,,,,,,,,,,1.0,,,,,,,
epinephelus,tauvina,,1.0,1,300,,,,,,,,,1.0,,,,,,,1.0,,,,,
enteromius,pobeguini,,,,,,,1.0,1.0,,,,,,,,,,1.0,,,,,,,
amphilophus,citrinellus,,,,,,,1.0,1.0,,,,,,,,,,,,,,,,,
amphiprion,chrysopterus,,1.0,0,40,,,,,,,,,1.0,,,,1.0,,,,,,,,
pristipomoides,auricilla,,1.0,90,360,181,270,1.0,,,,,,,,,,,,,,,,,,
congochromis,sabinae,,,,,,,1.0,1.0,,,,,,,,,,,,,,,,,
phractura,brevicauda,1.0,,,,,,,1.0,6.5,6.5,5.0,5.0,,,,,,,,,,,,,
sebastapistes,fowleri,,1.0,2,61,,,,,,,,,1.0,,,,,,,,,,,,
microphilypnus,ternetzi,1.0,,,,,,,1.0,,,,,,,,,,,,,,,,,
astroblepus,eigenmanni,1.0,,,,,,,1.0,,,,,,,,,,,,,,,,,
cryptocentrus,leptocephalus,,1.0,0,18,,,,,,,,,1.0,,,,,,,,,,,,
moxostoma,poecilurum,1.0,,,,,,,1.0,,,,,,,,,,,,,,,,,
enneapterygius,rufopileus,,1.0,0,6,,,,,,,,,1.0,,,,1.0,,,,,,,,
epinephelus,miliaris,,1.0,1,200,,,,,,,,,1.0,,,,,,,,,,,,
tor,tambroides,,,,,,,1.0,1.0,,,,,,,,,,,,,,,,,
thalassoma,lunare,,1.0,1,20,1,20,,,,,,,1.0,,,,,,,,,,,,
urocampus,carinirostris,1.0,1.0,0,5,,,,,,,,,,,,1.0,,,,,,,,,
mycteroperca,venenosa,,1.0,2,137,5,35,,,,,,,1.0,,,,,,,,,,,,
sphyraena,putnamae,,1.0,3,20,,,,,,,,,1.0,,,,,,,,,,,,
chiloglanis,cameronensis,,,,,,,1.0,1.0,,,5.0,5.0,,,,1.0,,,,,,,,,
plectorhinchus,picus,,1.0,3,50,,,,,,,,,1.0,,,,1.0,,,,,,,,
cirrhilabrus,scottorum,,1.0,3,40,,,,,,,,,1.0,,,,,,,,,,,,
kyphosus,vaigiensis,,1.0,0,40,,,,,,,,,1.0,,,,,,,1.0,,,,,
callichthys,callichthys,1.0,,,,,,,1.0,5.8,5.8,0.0,0.0,,,,,,,,,,,,,
anampses,twistii,,1.0,5,30,,,,,,,,,1.0,,,,,,,,,,,,
epinephelus,howlandi,,1.0,1,37,,,,,,,,,1.0,,,,,,,,,,,,
antennatus,tuberosus,,1.0,0,73,0,10,,,,,,,1.0,,,,,,,,,,,,
chaetodon,auriga,,1.0,0,60,,,,,,,,,1.0,,,,1.0,,,,,,,,
pseudolaguvia,muricata,1.0,,,,,,,1.0,,,,,,,,,,,,,,,,,
luxilus,cornutus,1.0,,,,,,,1.0,,,,,,,,,,,,,,,,,
labeobarbus,lucius,,,,,,,1.0,1.0,,,,,,,,,,,,,,,,,
rypticus,subbifrenatus,,1.0,1,26,1,2,,,,,,,1.0,,,,,,,,,,,,
rhinogobius,similis,,,,,,,1.0,1.0,,,,,,,,,,,,,,,,,
labeobarbus,rocadasi,,,,,,,1.0,1.0,,,,,,,,,,,,,,,,,
schizodon,vittatus,,,,,,,1.0,1.0,,,,,,,,,,,,,,,,,
zebrasoma,scopas,,1.0,0,60,1,60,,,,,,,1.0,,,,,,,,,,,,
breviraja,claramaculata,,1.0,293,896,,,,,,,,,,,,,,,1.0,,,,,,
stethojulis,trilineata,,1.0,0,20,,,,,,,,,1.0,,,,,,,,,,,,
aphyocypris,chinensis,,,,,,,1.0,1.0,,,,,,,,,,,,,,,,,
enneapterygius,elegans,,1.0,0,12,,,,,,,,,1.0,,,,,,,,,,,,
notropis,scepticus,,,,,,,1.0,1.0,,,,,,,,,,,,,,,,,
girardinus,denticulatus,1.0,,,,,,,1.0,6.8,6.8,5.0,5.0,,,,,1.0,,,,,,,,
pseudacanthicus,fordii,1.0,,,,,,,1.0,,,,,,,,,,,,,,,,,
epibulus,insidiator,,1.0,0,50,,,,,,,,,1.0,,,,,,,,,,,,
hyphessobrycon,ecuadoriensis,,,,,,,1.0,1.0,,,,,,,,,,,,,,,,,
gymnothorax,pictus,,1.0,0,100,,,,,,,,,1.0,,,1.0,,,,,,,,,
coris,dorsomacula,,1.0,2,40,,,,,,,,,1.0,,,,,,,,,,,,
aethaloperca,rogaa,,1.0,3,60,3,60,,,,,,,1.0,,,,1.0,,,,,,,,
rhinogobius,carpenteri,,,,,,,1.0,1.0,,,,,,,,,,,,,,,,,
rhinichthys,atratulus,1.0,,,,,,,1.0,,,,,,,,,,,,,,,,,
epinephelus,bleekeri,1.0,1.0,30,105,,,,,,,,,,,,,,,,,,,,,
chirolophis,japonicus,,1.0,,,,,1.0,,,,,,,,,,,,,,,,,,
enteromius,kissiensis,,,,,,,1.0,1.0,,,,,,,,,,,,,,,,,
nectamia,bandanensis,,1.0,1,34,1,12,,,,,,,1.0,,,,,,,,,,,,
pamphorichthys,scalpridens,,,,,,,,1.0,,,,,,1.0,,,,,,,,,,,
labidochromis,shiranus,,,,,,,1.0,1.0,,,,,,,,,,,,,,,,,
halichoeres,biocellatus,,1.0,6,35,7,35,,,,,,,1.0,,,,,,,,,,,,
bothus,constellatus,1.0,1.0,1,121,,,,,,,,,,,,,,,,,,,,,
parascorpaena,mcadamsi,,1.0,7,40,,,,,,,,,1.0,,,,,,,,,,,,
gibbonsia,montereyensis,1.0,1.0,?,21,,,,,,,,,,,,,,,,,,,,,
hemigrammopetersius,barnardi,,,,,,,,1.0,,,,,,1.0,,,,,,,,,,,
lepomis,microlophus,1.0,,,,,,,1.0,,,,,,,,,,,,,,,,,
acanthopagrus,latus,1.0,1.0,,,,,,1.0,,,,,,,,1.0,,,,,,,,,
occidentarius,platypogon,1.0,1.0,6,107,?,60,,,,,,,,,,1.0,,,,,,,,,
moxostoma,cervinum,1.0,,,,,,,1.0,,,,,,,,,,,,,,,,,
squalius,fellowesii,,,,,,,1.0,1.0,,,,,,,,,,,,,,,,,
haplochromis,bicolor,1.0,,?,12,,,,1.0,,,,,,,,,,,,,,,,,
catostomus,plebeius,1.0,,,,,,,1.0,,,,,,,,,,,,,,,,,
synodontis,rebeli,,,,,,,1.0,1.0,6.2,6.2,20.0,20.0,,,,,,,,,,,,,
carinotetraodon,travancoricus,1.0,,,,,,,1.0,7.5,7.5,,,,,,,,1.0,,,,,,,
petrocephalus,sullivani,,,,,,,1.0,1.0,,,,,,,,,,,,,,,,,
chrysichthys,platycephalus,1.0,,,,,,,1.0,,,,,,,,,,,,,,,,,
kyphosus,elegans,,1.0,1,40,,,,,,,,,1.0,,,,,,,,,,,,
scarus,rivulatus,,1.0,1,30,,,,,,,,,1.0,,,,,,,,,,,,
moenkhausia,crisnejas,,,,,,,1.0,1.0,,,,,,,,,,,,,,,,,
brachypetersius,notospilus,,,,,,,,1.0,,,,,,1.0,,,,,,,,,,,
cromileptes,altivelis,,1.0,2,40,5,25,,,,,,,1.0,,,,,,,,,,,,
saurogobio,dabryi,,,,,,,1.0,1.0,7.0,7.0,20.0,20.0,,,,1.0,,,,,,,,,
sargocentron,diadema,,1.0,1,60,2,30,,,,,,,1.0,,,,,,,,,,,,
chiloglanis,voltae,,,,,,,1.0,1.0,,,,,,,,,,,,,,,,,
pseudoplatystoma,fasciatum,1.0,,5,?,,,,1.0,6.0,6.0,4.0,4.0,,,,,,1.0,,,,,,,
bodianus,bilunulatus,,1.0,3,160,,,,,,,,,1.0,,,,,,,,,,,,
acanthurus,nigrofuscus,,1.0,0,25,2,25,,,,,,,1.0,,,,1.0,,,,,,,,
hipposcarus,longiceps,,1.0,0,40,,,,,,,,,1.0,,,,,,,,,,,,
scorpaenodes,steinitzi,1.0,1.0,,,,,,,,,,,,,,,,,,,,,,,
tachysurus,intermedius,1.0,,,,,,,1.0,,,,,,,,1.0,,,,,,,,,
arius,gagora,1.0,1.0,,,,,,1.0,,,,,,,1.0,1.0,,,,,,,,,
lavinia,exilicauda,1.0,,,,,,,1.0,,,,,,,,,,,,,,,,,
notropis,potteri,,,,,,,1.0,1.0,,,,,,,,,,,,,,,,,
bathylagoides,wesethi,,1.0,25,1130,,,,,,,,,,,,,,,,,,,,1.0,
chaunax,reticulatus,,1.0,360,950,,,,,,,,,,,,,,,1.0,,,,,,
chiloglanis,nzerekore,,,,,,,1.0,1.0,,,,,,,,,,,,,,,,,
ostracion,rhinorhynchos,,1.0,35,50,,,,,,,,,1.0,,,,,,,,,,,,
parambassis,vollmeri,1.0,,,,,,,1.0,,,,,,,,,,,,,,,,,
sebastapistes,coniorta,,1.0,1,25,,,,,,,,,1.0,,,,1.0,,,,,,,,
sectator,ocyurus,,1.0,1,20,,,,,,,,,,,,,,,,,,,1.0,,
halichoeres,marginatus,,1.0,0,30,,,,,,,,,1.0,,,,,,,,,,,,
scarus,forsteni,,1.0,3,30,,,,,,,,,1.0,,,,,,,,,,,,
chelaethiops,bibie,1.0,,,,,,,1.0,7.0,7.0,10.0,10.0,,,,,,1.0,,,,,,,
pseudophoxinus,syriacus,,,,,,,1.0,1.0,,,,,,,,,,,,,,,,,
cephalopholis,fulva,,1.0,1,150,1,40,,,,,,,1.0,,,,1.0,,,,,,,,
peristedion,crustosum,,1.0,305,486,,,,,,,,,,,,,,,1.0,,,,,,
cephalopholis,boenak,,1.0,1,64,4,30,,,,,,,1.0,,,,1.0,,,,,,,,
gymnothorax,favagineus,,1.0,1,50,,,,,,,,,1.0,,,1.0,,,,,,,,,
iniistius,celebicus,,1.0,6,15,,,,,,,,,1.0,,,,,,,,,,,,
heteropneustes,microps,1.0,,,,,,,1.0,,,,,,,,1.0,,,,,,,,,
cottus,aleuticus,1.0,1.0,,,,,,1.0,,,,,,,,1.0,,,,,,,,,1.0
physiculus,nematopus,1.0,1.0,18,1272,,,,,,,,,,,,,,,,,,,,,
epinephelus,corallicola,,1.0,1,30,,,,,,,,,1.0,,,1.0,,,,,,,,,
botia,dario,1.0,,,,,,,1.0,6.5,6.5,10.0,10.0,,,,,,,,,,,,,
carlhubbsia,stuarti,,,,,,,,1.0,,,,,,1.0,,,1.0,,,,,,,,
lamprologus,congoensis,,,,,,,1.0,1.0,6.0,6.0,5.0,5.0,,,,,,,,,,,,,
scarus,schlegeli,,1.0,1,50,,,,,,,,,1.0,,,,,,,,,,,,
nemadoras,trimaculatus,1.0,,,,,,,1.0,,,,,,,,,,,,,,,,,
petrocephalus,levequei,1.0,,,,,,,1.0,,,,,,,,,,,,,,,,,
cyprinella,spiloptera,,,,,,,1.0,1.0,,,,,,,,,,,,,,,,,
coris,batuensis,,1.0,2,30,2,15,,,,,,,1.0,,,,,,,,,,,,
lutjanus,purpureus,1.0,1.0,26,340,70,120,,,,,,,,,,,,,,,,,,,
parapriacanthus,ransonneti,,1.0,3,30,,,,,,,,,1.0,,,,,,,,,,,,
esox,lucius,,,0,30,1,5,,1.0,,,,,,1.0,,1.0,,1.0,,,,,,,
thalassoma,jansenii,,1.0,1,15,1,12,,,,,,,1.0,,,,1.0,,,,,,,,
arothron,hispidus,,1.0,1,50,,,,,,,,,1.0,,,1.0,1.0,,,,,,,,
coris,hewetti,,1.0,1,40,,,,,,,,,1.0,,,,,,,,,,,,
hypsibarbus,malcolmi,,,,,,,1.0,1.0,,,,,,,,,,1.0,,,,,,,
neosynchiropus,ocellatus,,1.0,1,30,1,30,,,,,,,1.0,,,,,,,,,,,,
scolopsis,ghanam,,1.0,1,20,,,,,,,,,1.0,,,,,,,,,,,,
nectamia,fusca,,1.0,1,20,,,,,,,,,1.0,,,,,,,,,,,,
apogon,oxina,1.0,1.0,10,22,,,,,,,,,,,,,,,,,,,,,
triportheus,angulatus,,,0,5,,,1.0,1.0,5.0,5.0,,,,,,,,1.0,,,,,,,
chitala,ornata,,,,,,,,1.0,,,,,,1.0,,,,1.0,,,,,,,
osteochilus,melanopleurus,,,,,,,1.0,1.0,6.5,6.5,5.0,5.0,,,,,,1.0,,,,,,,
schistura,schultzi,,,,,,,1.0,1.0,,,,,,,,,,,,,,,,,
gobiosoma,bosc,1.0,1.0,,,,,,,,,,,,,,1.0,,,,,,,,,
acrossocheilus,paradoxus,,,0,10,,,1.0,1.0,,,,,,,,,,1.0,,,,,,,
clinostomus,elongatus,1.0,,,,,,,1.0,,,,,,,,,,,,,,,,,
hemigymnus,melapterus,,1.0,0,30,5,30,,,,,,,1.0,,,,,,,,,,,,
iniistius,baldwini,,1.0,10,132,,,1.0,,,,,,,,,,,,,,,,,,
epinephelus,quoyanus,,1.0,?,50,,,,,,,,,1.0,,,,,,,,,,,,
chaetodontoplus,mesoleucus,,1.0,1,20,,,,,,,,,1.0,,,,1.0,,,,,,,,
labeobarbus,gulielmi,,,,,,,1.0,1.0,,,,,,,,,,,,,,,,,
pungitius,pungitius,,1.0,0,110,70,77,1.0,1.0,,,,,,,,1.0,,,,,,1.0,,,
schistura,aurantiaca,1.0,,,,,,,1.0,,,,,,,,,,,,,,,,,
corythoichthys,amplexus,,1.0,0,31,,,,,,,,,1.0,,,,,,,,,,,,
micralestes,elongatus,,,,,,,,1.0,6.0,6.0,16.0,16.0,,1.0,,,,1.0,,,,,,,
notropis,heterodon,,,,,,,1.0,1.0,,,,,,,,,,,,,,,,,
amphilophus,istlanus,,,,,,,1.0,1.0,8.0,8.0,3.0,3.0,,,,,,,,,,,,,
hyperlophus,vittatus,,1.0,10,13,,,,,,,,,,,1.0,1.0,,,,,1.0,,,,
upeneus,taeniopterus,,1.0,1,50,,,,,,,,,1.0,,,,,,,,,,,,
dorosoma,cepedianum,,1.0,0,33,,,,1.0,,,,,,,,1.0,,,,,1.0,1.0,,,
notropis,boops,,,,,,,1.0,1.0,,,,,,,,,,,,,,,,,
calotomus,carolinus,,1.0,1,71,,,,,,,,,1.0,,,,,,,,,,,,
noturus,funebris,1.0,,,,,,,1.0,,,,,,,,,,,,,,,,,
seriola,dumerili,,1.0,1,385,18,72,,,,,,,1.0,,,,,,,1.0,,,,,
cyprinella,analostana,,,,,,,1.0,1.0,,,,,,,,,,,,,,,,,
gephyrocharax,venezuelae,,,,,,,1.0,1.0,6.0,6.0,20.0,20.0,,,,,,,,,,,,,
plagiotremus,rhinorhynchos,,1.0,1,40,,,,,,,,,1.0,,,,,,,,,,,,
rhinobatos,blochii,,1.0,,,,,,,,,,,1.0,,,,,,,,,,,,
priocharax,ariel,,,,,,,1.0,1.0,,,,,,,,,,,,,,,,,
pseudamia,gelatinosa,,1.0,1,64,1,40,,,,,,,1.0,,,,,,,,,,,,
labeobarbus,ensifer,,,,,,,1.0,1.0,,,,,,,,,,,,,,,,,
halichoeres,melanurus,,1.0,1,15,,,,,,,,,1.0,,,,,,,,,,,,
rasbora,philippina,,,,,,,1.0,1.0,,,,,,,,,,,,,,,,,
notropis,hypsilepis,,,,,,,1.0,1.0,,,,,,,,,,,,,,,,,
labropsis,micronesica,,1.0,0,33,,,,,,,,,1.0,,,,,,,,,,,,
oncorhynchus,clarkii,1.0,1.0,0,200,,,,1.0,,,,,,,,1.0,,,,,,1.0,,,
synodus,dermatogenys,,1.0,1,91,,,,,,,,,1.0,,,,,,,,,,,,
cichlasoma,bimaculatum,,,,,,,1.0,1.0,6.5,6.5,3.0,3.0,,,,,,,,,,,,,
enteromius,owenae,,,,,,,1.0,1.0,,,,,,,,,,,,,,,,,
acanthurus,leucopareius,,1.0,1,85,1,85,,,,,,,1.0,,,,,,,,,,,,
chlorurus,genazonatus,,1.0,6,?,20,?,,,,,,,1.0,,,,,,,,,,,,
aetomylaeus,milvus,,1.0,,,,,1.0,,,,,,,,,,,,,,,,,,
trimma,unisquame,,1.0,?,200,6,12,,,,,,,1.0,,,,,,,,,,,,
stethojulis,bandanensis,,1.0,0,30,,,,,,,,,1.0,,,,,,,,,,,,
choerodon,cyanodus,,1.0,,,,,,,,,,,1.0,,,,,,,,,,,,
balitoropsis,zollingeri,1.0,,,,,,,1.0,,,,,,,,,,,,,,,,,
plectorhinchus,gibbosus,,1.0,8,25,,,,1.0,,,,,1.0,,,1.0,,,,,,,,,
hampala,macrolepidota,,,,,,,1.0,1.0,,,,,,,,,,1.0,,,,,,,
orestias,agassizii,,,,,,,1.0,1.0,,,,,,,,,1.0,,,,,,,,
paraneetroplus,gibbiceps,,,,,,,1.0,1.0,,,,,,,,,,,,,,,,,
halichoeres,signifer,,1.0,7,12,,,,,,,,,1.0,,,,,,,,,,,,
phenacobius,teretulus,1.0,,,,,,,1.0,,,,,,,,,,,,,,,,,
